score, kernel, reg, model, bw_factor, bw_factor_joint, dataset, outlier_trim, test_size, AUDRC, success_rate, causal_mse, anticausal_mse, score_time, score_cause_mse, effect_score_mse, joint_score_mse, gof_causal, gof_anticausal, sample_sizel
stein,gauss,0.1,anm,1,1,anm,0.0, , 0.9432812216347477, 0.92,  nan, nan, 0.2750275135040283, nan, nan, nan, 0.1859678328037262, 0.3809955418109894, 5000
stein,gauss,0.1,anm,1,1,anm,0.0, , 0.9432812216347477, 0.92,  nan, nan, 0.2709789276123047, nan, nan, nan, 0.1859678328037262, 0.3809955418109894, 5000
stein,exp,0.1,parametric-lin,1,1,sigmoid,0.0, , 0.4110809348012021, 0.35,  nan, nan, 0.2778897285461426, nan, nan, nan, 14.051788330078125, 13.8777494430542, 5000
stein,exp,0.1,parametric-lin,1,1,anm,0.0, , 0.139278267294007, 0.26,  nan, nan, 0.2775590419769287, nan, nan, nan, 15.616328239440918, 14.284540176391602, 5000
stein,gauss,0.1,parametric-lin,1,1,sigmoid,0.0, , 0.9552616785884855, 0.87,  nan, nan, 0.2751438617706299, nan, nan, nan, 0.19359058141708374, 0.21728357672691345, 5000
stein,exp,0.1,parametric-lin,1,1,lsnm,0.0, , 0.20446105177298096, 0.38,  nan, nan, 0.27817487716674805, nan, nan, nan, 14.376424789428711, 14.156442642211914, 5000
stein,gauss,0.1,parametric-lin,1,1,lsnm,0.0, , 0.7707820985441739, 0.66,  nan, nan, 0.27470922470092773, nan, nan, nan, 0.1901867538690567, 0.21108722686767578, 5000
stein,exp,0.1,parametric-quad,1,1,sigmoid,0.0, , 0.4107459016034797, 0.35,  nan, nan, 0.2780187129974365, nan, nan, nan, 14.051633834838867, 13.874319076538086, 5000
stein,gauss,0.1,parametric-quad,1,1,sigmoid,0.0, , 0.9421956655339007, 0.8,  nan, nan, 0.2755889892578125, nan, nan, nan, 0.15261952579021454, 0.17207545042037964, 5000
stein,exp,0.1,parametric-lin,1,1,velocity,0.0, , 0.6068145533291496, 0.58,  nan, nan, 0.27831554412841797, nan, nan, nan, 16.06009292602539, 16.148746490478516, 5000
stein,exp,0.1,parametric-quad,1,1,lsnm,0.0, , 0.20476182039138524, 0.37,  nan, nan, 0.2779109477996826, nan, nan, nan, 14.371767044067383, 14.154640197753906, 5000
stein,gauss,0.1,parametric-lin,1,1,velocity,0.0, , 0.9510248237415556, 0.88,  nan, nan, 0.2749295234680176, nan, nan, nan, 1.2311073541641235, 1.4341919422149658, 5000
stein,exp,0.1,parametric-quad,1,1,anm,0.0, , 0.13967554297437335, 0.26,  nan, nan, 0.2786595821380615, nan, nan, nan, 15.382537841796875, 14.279182434082031, 5000
stein,gauss,0.1,parametric-lin,1,1,anm,0.0, , 0.38816211994607364, 0.47,  nan, nan, 0.2712209224700928, nan, nan, nan, 0.33550310134887695, 0.3626604974269867, 5000
stein,gauss,0.1,parametric-quad,1,1,lsnm,0.0, , 0.7851641654641633, 0.73,  nan, nan, 0.27538418769836426, nan, nan, nan, 0.16507384181022644, 0.1760869324207306, 5000
stein,gauss,0.1,parametric-lin-exp,1,1,sigmoid,0.0, , 0.9462823974164357, 0.83,  nan, nan, 0.2750072479248047, nan, nan, nan, 0.18219225108623505, 0.2109767198562622, 5000
stein,gauss,0.1,parametric-quad,1,1,anm,0.0, , 0.6331001845890482, 0.58,  nan, nan, 0.2754096984863281, nan, nan, nan, 0.23806044459342957, 0.30315279960632324, 5000
stein,exp,0.1,parametric-lin-exp,1,1,sigmoid,0.0, , 0.4104817321505135, 0.35,  nan, nan, 0.2778005599975586, nan, nan, nan, 14.053268432617188, 13.871868133544922, 5000
stein,exp,0.1,parametric-lin-exp,1,1,lsnm,0.0, , 0.20451556835298773, 0.38,  nan, nan, 0.2778444290161133, nan, nan, nan, 14.371280670166016, 14.150459289550781, 5000
stein,gauss,0.1,parametric-lin-exp,1,1,lsnm,0.0, , 0.6817903351705857, 0.62,  nan, nan, 0.2759068012237549, nan, nan, nan, 0.16798703372478485, 0.1686972677707672, 5000
stein,exp,0.1,parametric-lin-exp,1,1,anm,0.0, , 0.1400117757952609, 0.26,  nan, nan, 0.2780275344848633, nan, nan, nan, 15.393754959106445, 14.281290054321289, 5000
stein,gauss,0.1,parametric-quad-exp,1,1,sigmoid,0.0, , 0.9147619650365474, 0.75,  nan, nan, 0.27501797676086426, nan, nan, nan, 0.14972150325775146, 0.16265954077243805, 5000
stein,exp,0.1,parametric-quad-exp,1,1,sigmoid,0.0, , 0.40971963315861004, 0.35,  nan, nan, 0.27827906608581543, nan, nan, nan, 14.048418045043945, 13.867034912109375, 5000
stein,gauss,0.1,parametric-lin-exp,1,1,anm,0.0, , 0.7029845316488402, 0.66,  nan, nan, 0.2748732566833496, nan, nan, nan, 0.24595460295677185, 0.2855425477027893, 5000
stein,exp,0.1,parametric-quad-exp,1,1,lsnm,0.0, , 0.20495387828875394, 0.38,  nan, nan, 0.27767443656921387, nan, nan, nan, 14.368234634399414, 14.144308090209961, 5000
stein,exp,0.1,parametric-quad-exp,1,1,anm,0.0, , 0.1396826388374475, 0.26,  nan, nan, 0.27817249298095703, nan, nan, nan, 15.37588882446289, 14.27745246887207, 5000
stein,gauss,0.1,parametric-quad-exp,1,1,lsnm,0.0, , 0.6908558930476151, 0.63,  nan, nan, 0.27498626708984375, nan, nan, nan, 0.15742449462413788, 0.1596720814704895, 5000
stein,gauss,0.1,parametric-lin-exp,1,1,velocity,0.0, , 0.9732718330366764, 0.91,  nan, nan, 0.27510643005371094, nan, nan, nan, 0.7001458406448364, 1.390885829925537, 5000
kde,gauss,0.01,parametric-lin,1,1,anm,0.0, , 0.1815388167689768, 0.31,  nan, nan, 0.013739824295043945, nan, nan, nan, 1.2289235591888428, 1.0635449886322021, 5000
stein,gauss,0.1,parametric-quad-exp,1,1,anm,0.0, , 0.7038241644377378, 0.63,  nan, nan, 0.2764158248901367, nan, nan, nan, 0.22235748171806335, 0.2616928219795227, 5000
kde,exp,0.01,parametric-lin,1,1,anm,0.0, , 0.20781171347751978, 0.33,  nan, nan, 0.020846843719482422, nan, nan, nan, 0.8910679817199707, 0.8588621616363525, 5000
stein,exp,0.1,parametric-quad,1,1,velocity,0.0, , 0.6117786614664985, 0.59,  nan, nan, 0.27808427810668945, nan, nan, nan, 15.301248550415039, 16.03225326538086, 5000
stein,gauss,0.1,parametric-quad,1,1,velocity,0.0, , 0.9801922967564474, 0.96,  nan, nan, 0.27489161491394043, nan, nan, nan, 0.6463066339492798, 1.325134038925171, 5000
kde,gauss,0.01,parametric-quad,1,1,anm,0.0, , 0.21736242965711638, 0.32,  nan, nan, 0.014059305191040039, nan, nan, nan, 1.082219123840332, 0.9847111701965332, 5000
stein,gauss,0.1,anm,1,1,sigmoid,0.0, , 0.1556978794743867, 0.34,  nan, nan, 0.27512025833129883, nan, nan, nan, 0.22041362524032593, 0.21399414539337158, 5000
kde,exp,0.01,parametric-quad,1,1,anm,0.0, , 0.19279523825350486, 0.29,  nan, nan, 0.01578378677368164, nan, nan, nan, 0.6697896718978882, 0.47867700457572937, 5000
stein,exp,0.1,parametric-lin-exp,1,1,velocity,0.0, , 0.6175114091818419, 0.6,  nan, nan, 0.2779257297515869, nan, nan, nan, 15.344791412353516, 16.018373489379883, 5000
kde,exp,0.01,parametric-lin,1,1,lsnm,0.0, , 0.23116974036872673, 0.34,  nan, nan, 0.015472173690795898, nan, nan, nan, 0.887171745300293, 0.870077908039093, 5000
stein,gauss,0.1,anm,1,1,lsnm,0.0, , 0.6747048363170423, 0.61,  nan, nan, 0.2749955654144287, nan, nan, nan, 0.17210546135902405, 0.20611996948719025, 5000
stein,exp,0.1,anm,1,1,lsnm,0.0, , 0.20405925880613957, 0.38,  nan, nan, 0.27840161323547363, nan, nan, nan, 14.367242813110352, 14.144538879394531, 5000
kde,gauss,0.01,parametric-lin,1,1,lsnm,0.0, , 0.20183529351075521, 0.39,  nan, nan, 0.013651847839355469, nan, nan, nan, 1.0556612014770508, 1.0291063785552979, 5000
stein,exp,0.1,anm,1,1,sigmoid,0.0, , 0.40742053999790184, 0.35,  nan, nan, 0.2778043746948242, nan, nan, nan, 14.049135208129883, 13.864683151245117, 5000
stein,exp,0.1,anm,1,1,anm,0.0, , 0.14068827613172297, 0.26,  nan, nan, 0.278336763381958, nan, nan, nan, 15.371284484863281, 14.264120101928711, 5000
stein,gauss,0.1,anm,1,1,anm,0.0, , 0.9417244427740721, 0.92,  nan, nan, 0.2749059200286865, nan, nan, nan, 0.189608633518219, 0.38766634464263916, 5000
kde,exp,0.01,parametric-lin-exp,1,1,anm,0.0, , 0.27302750707687745, 0.41,  nan, nan, 0.015565156936645508, nan, nan, nan, 0.7743425369262695, 0.6751285195350647, 5000
kde,gauss,0.01,parametric-lin-exp,1,1,anm,0.0, , 0.24015998920669854, 0.35,  nan, nan, 0.014170169830322266, nan, nan, nan, 1.0619008541107178, 1.012296199798584, 5000
kde,gauss,0.01,parametric-quad,1,1,lsnm,0.0, , 0.15283743843777134, 0.34,  nan, nan, 0.013756752014160156, nan, nan, nan, 0.9909032583236694, 0.9732691049575806, 5000
stein,gauss,0.1,parametric-quad-exp,1,1,velocity,0.0, , 0.9832174934314625, 0.97,  nan, nan, 0.27474069595336914, nan, nan, nan, 0.5974801182746887, 1.2692739963531494, 5000
stein,exp,0.1,parametric-quad-exp,1,1,velocity,0.0, , 0.6179486446606086, 0.59,  nan, nan, 0.2783041000366211, nan, nan, nan, 15.295001983642578, 15.967107772827148, 5000
kde,exp,0.01,parametric-quad,1,1,lsnm,0.0, , 0.041988048787176685, 0.18,  nan, nan, 0.015612602233886719, nan, nan, nan, 0.5653557777404785, 0.4424065351486206, 5000
kde,gauss,0.01,parametric-lin-exp,1,1,lsnm,0.0, , 0.1876024580610946, 0.38,  nan, nan, 0.01388406753540039, nan, nan, nan, 1.023513674736023, 1.0023307800292969, 5000
kde,exp,0.01,parametric-lin-exp,1,1,lsnm,0.0, , 0.2702229423762993, 0.44,  nan, nan, 0.015725135803222656, nan, nan, nan, 0.7269337177276611, 0.727137565612793, 5000
kde,gauss,0.01,parametric-quad-exp,1,1,anm,0.0, , 0.21964543256884178, 0.31,  nan, nan, 0.013967752456665039, nan, nan, nan, 1.0156288146972656, 0.9518804550170898, 5000
kde,exp,0.01,parametric-lin,1,1,sigmoid,0.0, , 0.30522474711068054, 0.24,  nan, nan, 0.015439271926879883, nan, nan, nan, 0.922105073928833, 0.8510391116142273, 5000
kde,gauss,0.01,parametric-lin,1,1,sigmoid,0.0, , 0.42626676139427205, 0.3,  nan, nan, 0.01383066177368164, nan, nan, nan, 1.0390112400054932, 0.9793591499328613, 5000
kde,exp,0.01,parametric-quad-exp,1,1,anm,0.0, , 0.20017877402295867, 0.33,  nan, nan, 0.01571178436279297, nan, nan, nan, 0.6305623054504395, 0.42998456954956055, 5000
kde,gauss,0.01,parametric-quad,1,1,sigmoid,0.0, , 0.44879560853091377, 0.31,  nan, nan, 0.013896465301513672, nan, nan, nan, 0.9808462858200073, 0.9400402307510376, 5000
kde,exp,0.01,parametric-quad,1,1,sigmoid,0.0, , 0.3124200158261628, 0.22,  nan, nan, 0.015579938888549805, nan, nan, nan, 0.6146698594093323, 0.585162878036499, 5000
kde,exp,0.01,parametric-lin-exp,1,1,sigmoid,0.0, , 0.33644459771042895, 0.25,  nan, nan, 0.015825986862182617, nan, nan, nan, 0.9129418134689331, 0.844211220741272, 5000
kde,gauss,0.01,parametric-lin-exp,1,1,sigmoid,0.0, , 0.4288727174785225, 0.3,  nan, nan, 0.01384735107421875, nan, nan, nan, 1.0352568626403809, 0.9731687307357788, 5000
kde,gauss,0.01,parametric-quad-exp,1,1,lsnm,0.0, , 0.15647065092982865, 0.35,  nan, nan, 0.013733625411987305, nan, nan, nan, 0.978715181350708, 0.9700840711593628, 5000
kde,exp,0.01,parametric-lin,1,1,velocity,0.0, , 0.3353296210124148, 0.51,  nan, nan, 0.01573944091796875, nan, nan, nan, 1.0626531839370728, 1.1419864892959595, 5000
kde,gauss,0.01,parametric-lin,1,1,velocity,0.0, , 0.490058829981406, 0.59,  nan, nan, 0.013803243637084961, nan, nan, nan, 1.5650556087493896, 1.6542285680770874, 5000
stein,exp,0.1,anm,1,1,velocity,0.0, , 0.6409027497952628, 0.6,  nan, nan, 0.2783195972442627, nan, nan, nan, 15.280126571655273, 16.04167938232422, 5000
stein,gauss,0.1,anm,1,1,velocity,0.0, , 0.9728267732074901, 0.86,  nan, nan, 0.2759430408477783, nan, nan, nan, 0.6817280650138855, 1.2917320728302002, 5000
kde,gauss,0.01,parametric-quad-exp,1,1,sigmoid,0.0, , 0.44209069690444397, 0.3,  nan, nan, 0.013773679733276367, nan, nan, nan, 0.977697491645813, 0.9378699660301208, 5000
kde,gauss,0.01,parametric-quad,1,1,velocity,0.0, , 0.6442509661977541, 0.71,  nan, nan, 0.014457464218139648, nan, nan, nan, 1.0191688537597656, 1.5375895500183105, 5000
kde,exp,0.01,parametric-quad,1,1,velocity,0.0, , 0.5889208739693751, 0.69,  nan, nan, 0.015860795974731445, nan, nan, nan, 0.6103712320327759, 0.9550775289535522, 5000
kde,exp,0.01,anm,1,1,anm,0.0, , 0.17719732223080065, 0.3,  nan, nan, 0.01574540138244629, nan, nan, nan, 0.8771234154701233, 0.8230265378952026, 5000
kde,gauss,0.01,anm,1,1,anm,0.0, , 0.18022000052043693, 0.31,  nan, nan, 0.014391183853149414, nan, nan, nan, 1.2111268043518066, 1.0414947271347046, 5000
kde,exp,0.01,parametric-quad-exp,1,1,sigmoid,0.0, , 0.29556879152730225, 0.24,  nan, nan, 0.015940189361572266, nan, nan, nan, 0.6059120893478394, 0.5766243934631348, 5000
kde,exp,0.01,parametric-quad-exp,1,1,lsnm,0.0, , 0.03435011271027297, 0.15,  nan, nan, 0.020859956741333008, nan, nan, nan, 0.5455643534660339, 0.39742574095726013, 5000
kde,exp,0.01,parametric-lin-exp,1,1,velocity,0.0, , 0.5847070682479824, 0.67,  nan, nan, 0.015434980392456055, nan, nan, nan, 0.7563337087631226, 1.020503044128418, 5000
kde,gauss,0.01,parametric-lin-exp,1,1,velocity,0.0, , 0.6271514111291667, 0.68,  nan, nan, 0.014338016510009766, nan, nan, nan, 1.073889970779419, 1.575851559638977, 5000
kde,gauss,0.01,anm,1,1,lsnm,0.0, , 0.18140961890376642, 0.38,  nan, nan, 0.015279293060302734, nan, nan, nan, 1.0779156684875488, 1.0194942951202393, 5000
kde,exp,0.01,anm,1,1,lsnm,0.0, , 0.22891897392671495, 0.36,  nan, nan, 0.015997648239135742, nan, nan, nan, 0.8400286436080933, 0.8222324848175049, 5000
kde,gauss,0.01,anm,1,1,sigmoid,0.0, , 0.3305726687766252, 0.27,  nan, nan, 0.013718605041503906, nan, nan, nan, 1.0588642358779907, 0.9760080575942993, 5000
kde,exp,0.01,anm,1,1,sigmoid,0.0, , 0.25197218794388265, 0.24,  nan, nan, 0.015738248825073242, nan, nan, nan, 0.9339504837989807, 0.8387659192085266, 5000
kde,exp,0.01,parametric-quad-exp,1,1,velocity,0.0, , 0.5582028100294675, 0.68,  nan, nan, 0.01581573486328125, nan, nan, nan, 0.5906077027320862, 0.8966088891029358, 5000
kde,gauss,0.01,parametric-quad-exp,1,1,velocity,0.0, , 0.6281925300043744, 0.69,  nan, nan, 0.015272378921508789, nan, nan, nan, 0.9972324371337891, 1.4930636882781982, 5000
stein,gauss,0.1,lsnm,1,1,lsnm,0.0, , 0.6992898382029789, 0.64,  nan, nan, 0.2750518321990967, nan, nan, nan, 0.20637434720993042, 0.2298876941204071, 5000
stein,gauss,0.1,lsnm,1,1,anm,0.0, , 0.7709210609498542, 0.69,  nan, nan, 0.2751452922821045, nan, nan, nan, 0.30411195755004883, 0.41704320907592773, 5000
stein,exp,0.1,lsnm,1,1,anm,0.0, , 0.1398444272366894, 0.26,  nan, nan, 0.27754974365234375, nan, nan, nan, 15.56671142578125, 14.265210151672363, 5000
stein,exp,0.1,lsnm,1,1,lsnm,0.0, , 0.20275074936198145, 0.37,  nan, nan, 0.278303861618042, nan, nan, nan, 14.379353523254395, 14.13821792602539, 5000
stein,gauss,0.1,lsnm,1,1,sigmoid,0.0, , 0.899120136299307, 0.76,  nan, nan, 0.27527666091918945, nan, nan, nan, 0.1939668357372284, 0.2216116487979889, 5000
stein,exp,0.1,lsnm,1,1,sigmoid,0.0, , 0.40972195725446675, 0.34,  nan, nan, 0.2778284549713135, nan, nan, nan, 14.046744346618652, 13.86700439453125, 5000
kde,exp,0.01,nn,1,1,sigmoid,0.0, , 0.3692675323245762, 0.3,  nan, nan, 0.01568603515625, nan, nan, nan, 0.7714717984199524, 0.7458134889602661, 5000
kde,gauss,0.01,nn,1,1,sigmoid,0.0, , 0.3910460574276406, 0.28,  nan, nan, 0.01382756233215332, nan, nan, nan, 1.0420258045196533, 0.9856569766998291, 5000
kde,exp,0.01,anm,1,1,velocity,0.0, , 0.3401169110175036, 0.47,  nan, nan, 0.015658855438232422, nan, nan, nan, 0.990230143070221, 1.0812495946884155, 5000
kde,gauss,0.01,anm,1,1,velocity,0.0, , 0.49436650678706273, 0.58,  nan, nan, 0.013857603073120117, nan, nan, nan, 1.3897737264633179, 1.5886595249176025, 5000
kde,gauss,0.01,nn,1,1,velocity,0.0, , 0.62804527321432, 0.66,  nan, nan, 0.013884305953979492, nan, nan, nan, 0.97907555103302, 1.4769392013549805, 5000
kde,exp,0.01,nn,1,1,velocity,0.0, , 0.5602803052475736, 0.63,  nan, nan, 0.015824556350708008, nan, nan, nan, 0.6692835092544556, 0.9585921764373779, 5000
stein,gauss,0.1,lsnm,1,1,velocity,0.0, , 0.9922273063924681, 0.93,  nan, nan, 0.27523207664489746, nan, nan, nan, 0.8618202209472656, 1.3227083683013916, 5000
stein,exp,0.1,lsnm,1,1,velocity,0.0, , 0.6179042831780477, 0.59,  nan, nan, 0.27822041511535645, nan, nan, nan, 15.573385238647461, 16.006729125976562, 5000
kde,exp,0.01,lsnm,1,1,anm,0.0, , 0.2121818127390725, 0.31,  nan, nan, 0.015769481658935547, nan, nan, nan, 0.7330287098884583, 0.6661109924316406, 5000
kde,gauss,0.01,lsnm,1,1,anm,0.0, , 0.23130682160233895, 0.38,  nan, nan, 0.014054536819458008, nan, nan, nan, 1.0520302057266235, 1.0419576168060303, 5000
kde,exp,0.01,lsnm,1,1,lsnm,0.0, , 0.11449866013810885, 0.27,  nan, nan, 0.015874624252319336, nan, nan, nan, 0.6579245924949646, 0.6362069845199585, 5000
stein,gauss,0.1,nn,1,1,anm,0.0, , 0.7105471936258242, 0.64,  nan, nan, 0.27543067932128906, nan, nan, nan, 0.23666070401668549, 0.26497557759284973, 5000
stein,gauss,0.1,nn,1,1,lsnm,0.0, , 0.7530990698909342, 0.62,  nan, nan, 0.2747981548309326, nan, nan, nan, 0.18763555586338043, 0.19581425189971924, 5000
kde,gauss,0.01,lsnm,1,1,lsnm,0.0, , 0.19039237228882855, 0.37,  nan, nan, 0.013964653015136719, nan, nan, nan, 1.0339572429656982, 1.0100786685943604, 5000
stein,exp,0.1,nn,1,1,lsnm,0.0, , 0.20410348279014712, 0.37,  nan, nan, 0.2783231735229492, nan, nan, nan, 14.331931114196777, 14.10628890991211, 5000
kde,gauss,0.01,lsnm,1,1,sigmoid,0.0, , 0.42543432969337514, 0.3,  nan, nan, 0.013792753219604492, nan, nan, nan, 1.032289743423462, 0.9800688028335571, 5000
stein,gauss,0.1,nn,1,1,sigmoid,0.0, , 0.7357380400067458, 0.6,  nan, nan, 0.2761988639831543, nan, nan, nan, 0.18691816926002502, 0.19077472388744354, 5000
stein,gauss,0.1,nn,1,1,velocity,0.0, , 0.9858914429348569, 0.92,  nan, nan, 0.27484560012817383, nan, nan, nan, 0.4341871440410614, 1.0384106636047363, 5000
stein,exp,0.1,nn,1,1,velocity,0.0, , 0.5895240171667522, 0.58,  nan, nan, 0.2783534526824951, nan, nan, nan, 15.231728553771973, 15.807029724121094, 5000
stein,exp,0.1,nn,1,1,sigmoid,0.0, , 0.40864469608729115, 0.34,  nan, nan, 0.27873826026916504, nan, nan, nan, 14.011738777160645, 13.844101905822754, 5000
kde,exp,0.01,nn,1,1,anm,0.0, , 0.21257131866349568, 0.31,  nan, nan, 0.015791893005371094, nan, nan, nan, 0.7045196294784546, 0.6107023358345032, 5000
kde,exp,0.01,lsnm,1,1,sigmoid,0.0, , 0.22272467746034078, 0.16,  nan, nan, 0.01755809783935547, nan, nan, nan, 0.7800178527832031, 0.742357075214386, 5000
kde,gauss,0.01,nn,1,1,anm,0.0, , 0.22343548434098814, 0.33,  nan, nan, 0.014013290405273438, nan, nan, nan, 1.0697088241577148, 1.0144574642181396, 5000
kde,exp,0.01,lsnm,1,1,velocity,0.0, , 0.5829256904558722, 0.67,  nan, nan, 0.016136884689331055, nan, nan, nan, 0.7146968841552734, 0.9842749238014221, 5000
kde,exp,0.01,nn,1,1,lsnm,0.0, , 0.10785533420779675, 0.27,  nan, nan, 0.015827417373657227, nan, nan, nan, 0.6953367590904236, 0.6183122396469116, 5000
kde,exp,0.01,nn,1,1,sigmoid,0.0, , 0.3783029971072095, 0.32,  nan, nan, 0.0158078670501709, nan, nan, nan, 0.7705573439598083, 0.7437536120414734, 5000
kde,gauss,0.01,nn,1,1,sigmoid,0.0, , 0.41283661618705436, 0.3,  nan, nan, 0.014049530029296875, nan, nan, nan, 1.0394344329833984, 0.9858695864677429, 5000
kde,gauss,0.01,nn,1,1,lsnm,0.0, , 0.18618518680088214, 0.38,  nan, nan, 0.013919830322265625, nan, nan, nan, 1.0175573825836182, 1.002290964126587, 5000
stein,exp,0.1,nn,1,1,anm,0.0, , 0.13922481123276406, 0.25,  nan, nan, 0.27408671379089355, nan, nan, nan, 15.351858139038086, 14.255834579467773, 5000
kde,gauss,0.01,lsnm,1,1,velocity,0.0, , 0.6354243688121127, 0.69,  nan, nan, 0.014009714126586914, nan, nan, nan, 1.097416877746582, 1.5086746215820312, 5000
kde,exp,0.01,nn,1,1,velocity,0.0, , 0.569144872987166, 0.67,  nan, nan, 0.015814781188964844, nan, nan, nan, 0.6579201221466064, 0.934903621673584, 5000
kde,gauss,0.01,nn,1,1,velocity,0.0, , 0.6237253938030647, 0.66,  nan, nan, 0.01424407958984375, nan, nan, nan, 1.008268117904663, 1.4577182531356812, 5000
, , ,hsic, , , anm, 0.0, , 0.9918289808201525, 0.97, , , , , , , , 5000
, , ,lik_spline, , , sigmoid, 0.0, , 0.5298441541520775, 0.35, , , , , , , , 5000
, , ,lik, , , sigmoid, 0.0, , 0.6261094872408308, 0.43, , , , , , , , 5000
, , ,lik, , , anm, 0.0, , 0.557501559477801, 0.49, , , , , , , , 5000
, , ,hsic, , , lsnm, 0.0, , 0.9265085815299047, 0.78, , , , , , , , 5000
, , ,hsic, , , sigmoid, 0.0, , 0.863185052791162, 0.7, , , , , , , , 5000
, , ,hsic, , , anm, 0.0, , 0.9918289808201525, 0.97, , , , , , , , 5000
, , ,lik, , , lsnm, 0.0, , 0.30736850673266186, 0.4, , , , , , , , 5000
, , ,hsic_spline, , , sigmoid, 0.0, , 0.7399213480193851, 0.62, , , , , , , , 5000
, , ,lik, , , velocity, 0.0, , 0.6555111740404905, 0.43, , , , , , , , 5000
, , ,hsic, , , velocity, 0.0, , 0.2506655635769766, 0.4, , , , , , , , 5000
, , ,lik_spline, , , lsnm, 0.0, , 0.2905946846029503, 0.36, , , , , , , , 5000
, , ,hsic_spline, , , lsnm, 0.0, , 0.8888377293608479, 0.83, , , , , , , , 5000
, , ,lik_spline, , , anm, 0.0, , 0.5696827077312101, 0.5, , , , , , , , 5000
, , ,hsic_spline, , , anm, 0.0, , 0.9515489744878686, 0.92, , , , , , , , 5000
, , ,cds, , , velocity, 0, , 0.41781711132627053, 0.46, , , , , , , , 1000
, , ,cds, , , sigmoid, 0, , 0.12774671380460467, 0.28, , , , , , , , 1000
, , ,cds, , , anm, 0, , 0.9821930889415498, 0.9, , , , , , , , 1000
, , ,cds, , , lsnm, 0, , 0.4793946175419456, 0.48, , , , , , , , 1000
, , ,igci_unif, , , velocity, 0, , 0.3489972096082794, 0.43, , , , , , , , 1000
, , ,igci_unif, , , sigmoid, 0, , 0.10779168059264671, 0.21, , , , , , , , 1000
, , ,igci_unif, , , anm, 0, , 0.13079312924161476, 0.29, , , , , , , , 1000
, , ,igci_unif, , , lsnm, 0, , 0.32503844497082723, 0.4, , , , , , , , 1000
, , ,igci_gauss, , , velocity, 0, , 0.7589229230995455, 0.66, , , , , , , , 1000
, , ,igci_gauss, , , sigmoid, 0, , 0.6737296048214708, 0.53, , , , , , , , 1000
, , ,igci_gauss, , , anm, 0, , 0.21622926035858256, 0.34, , , , , , , , 1000
, , ,igci_gauss, , , lsnm, 0, , 0.20361174546580763, 0.32, , , , , , , , 1000
, , ,reci, , , velocity, 0, , 0.25995837880232986, 0.36, , , , , , , , 1000
, , ,reci, , , sigmoid, 0, , 0.07552972219883378, 0.18, , , , , , , , 1000
, , ,reci, , , anm, 0, , 0.34437111785782015, 0.36, , , , , , , , 1000
, , ,reci, , , lsnm, 0, , 0.5578081157727988, 0.43, , , , , , , , 1000
, , ,ckl, , , velocity, 0, , 0.41730427303121614, 0.46, , , , , , , , 1000
, , ,ckl, , , sigmoid, 0, , 0.7274705781956002, 0.6, , , , , , , , 1000
, , ,ckl, , , anm, 0, , 0.711547911691234, 0.57, , , , , , , , 1000
, , ,ckl, , , lsnm, 0, , 0.5559383161772641, 0.55, , , , , , , , 1000
, , ,ckm, , , velocity, 0, , 0.4202526274946045, 0.48, , , , , , , , 1000
, , ,ckm, , , sigmoid, 0, , 0.7122375051858818, 0.66, , , , , , , , 1000
, , ,ckm, , , anm, 0, , 0.8821623010415511, 0.71, , , , , , , , 1000
, , ,ckm, , , lsnm, 0, , 0.6914961114458238, 0.55, , , , , , , , 1000
, , ,chd, , , velocity, 0, , 0.41822866323579416, 0.46, , , , , , , , 1000
, , ,chd, , , sigmoid, 0, , 0.7610358982200627, 0.64, , , , , , , , 1000
, , ,chd, , , anm, 0, , 0.7535328626195601, 0.61, , , , , , , , 1000
, , ,chd, , , lsnm, 0, , 0.5513101976744432, 0.55, , , , , , , , 1000
, , ,ccs, , , velocity, 0, , 0.38818204894363056, 0.45, , , , , , , , 1000
, , ,ccs, , , sigmoid, 0, , 0.7349438576326538, 0.6, , , , , , , , 1000
, , ,ccs, , , anm, 0, , 0.7169301235483254, 0.57, , , , , , , , 1000
, , ,ccs, , , lsnm, 0, , 0.5758224882197434, 0.55, , , , , , , , 1000
, , ,ctv, , , velocity, 0, , 0.39673391180998185, 0.45, , , , , , , , 1000
, , ,ctv, , , sigmoid, 0, , 0.6854764036375055, 0.59, , , , , , , , 1000
, , ,ctv, , , anm, 0, , 0.7523800827072354, 0.6, , , , , , , , 1000
, , ,ctv, , , lsnm, 0, , 0.5910306090756721, 0.53, , , , , , , , 1000
stein,gauss,0.1,anm,1,1,old/anm_10k,0.0, , 0.7829357325571468, 0.65,  nan, nan, 0.2747993469238281, 0.018801340833306313, 0.022000104188919067, 0.48948246240615845, 0.1373162865638733, 0.14842328429222107, 5000, 0.0324680432677269, 0.07512360066175461, 0.3876369297504425, 0.02256869338452816, 0.02652035653591156 
stein,gauss,0.1,anm,1,1,old/anm_10k,0.0, , 0.664369781787982, 0.57,  nan, nan, 0.06812047958374023, 0.027603408321738243, 0.028012828901410103, 0.5250192284584045, 0.1798037588596344, 0.18532460927963257, 2500, 0.013437813147902489, 0.01417757011950016, 0.4095310568809509, 0.03171195089817047, 0.03047347255051136 
stein,gauss,0.1,anm,1,1,old/anm_10k,0.0, , 0.6329004166590427, 0.54,  nan, nan, 0.026352882385253906, 0.08445444703102112, 0.08954878151416779, 0.6982214450836182, 0.2871053218841553, 0.29705214500427246, 500, 0.048585787415504456, 0.049335550516843796, 0.38829344511032104, 0.05664057284593582, 0.060360293835401535 
stein,gauss,0.1,anm,1,1,old/anm_10k,0.0, , 0.7210153506409429, 0.61,  nan, nan, 0.025900840759277344, 0.055080804973840714, 0.05105592682957649, 0.6250949501991272, 0.23493731021881104, 0.2388056516647339, 1000, 0.027320805937051773, 0.032143719494342804, 0.4021338224411011, 0.0431855209171772, 0.046299565583467484 
stein,gauss,0.1,anm,1,1,old/anm_10k,0.0, , 0.46351058802834905, 0.41,  nan, nan, 0.027282238006591797, 0.13590538501739502, 0.14385682344436646, 0.87300705909729, 0.3676532506942749, 0.35026609897613525, 250, 0.08801613003015518, 0.08449137210845947, 0.41166749596595764, 0.07355574518442154, 0.07515542954206467 
stein,gauss,0.1,anm,1,1,old/anm_10k,0.0, , 0.8740449122570857, 0.76,  nan, nan, 1.7502169609069824, 0.018172577023506165, 0.017581840977072716, 0.47514522075653076, 0.12291542440652847, 0.13831427693367004, 10000, 0.7522686719894409, 0.8036572933197021, 0.38792577385902405, 0.020270034670829773, 0.026929443702101707 
stein,gauss,0.1,anm,1,1,old/anm_10k,0.0, , 0.7829357325571468, 0.65,  nan, nan, 0.2756938934326172, 0.018801340833306313, 0.022000104188919067, 0.48948246240615845, 0.1373162865638733, 0.14842328429222107, 5000, 0.0324680432677269, 0.07512360066175461, 0.3876369297504425, 0.02256869338452816, 0.02652035653591156 
stein,gauss,0.1,anm,1,1,old/anm_10k,0.0, , 0.664369781787982, 0.57,  nan, nan, 0.06811237335205078, 0.027603408321738243, 0.028012828901410103, 0.5250192284584045, 0.1798037588596344, 0.18532460927963257, 2500, 0.013437813147902489, 0.01417757011950016, 0.4095310568809509, 0.03171195089817047, 0.03047347255051136 
stein,gauss,0.1,anm,1,1,old/anm_10k,0.0, , 0.46351058802834905, 0.41,  nan, nan, 0.02785325050354004, 0.13590538501739502, 0.14385682344436646, 0.87300705909729, 0.3676532506942749, 0.35026609897613525, 250, 0.08801613003015518, 0.08449137210845947, 0.41166749596595764, 0.07355574518442154, 0.07515542954206467 
stein,gauss,0.1,anm,1,1,old/anm_10k,0.0, , 0.7210153506409429, 0.61,  nan, nan, 0.02770233154296875, 0.055080804973840714, 0.05105592682957649, 0.6250949501991272, 0.23493731021881104, 0.2388056516647339, 1000, 0.027320805937051773, 0.032143719494342804, 0.4021338224411011, 0.0431855209171772, 0.046299565583467484 
stein,gauss,0.1,anm,1,1,old/anm_10k,0.0, , 0.8740449122570857, 0.76,  nan, nan, 1.7348177433013916, 0.018172577023506165, 0.017581840977072716, 0.47514522075653076, 0.12291542440652847, 0.13831427693367004, 10000, 0.7522686719894409, 0.8036572933197021, 0.38792577385902405, 0.020270034670829773, 0.026929443702101707 
stein,gauss,0.1,anm,1,1,old/anm_10k,0.0, , 0.6329004166590427, 0.54,  nan, nan, 0.029432296752929688, 0.08445444703102112, 0.08954878151416779, 0.6982214450836182, 0.2871053218841553, 0.29705214500427246, 500, 0.048585787415504456, 0.049335550516843796, 0.38829344511032104, 0.05664057284593582, 0.060360293835401535 
stein,gauss,0.1,anm,1,1,old/anm_10k,0.0, , 0.5508325542924911, 0.56,  nan, nan, 0.034249067306518555, 0.26201650500297546, 0.32900580763816833, 1.1172457933425903, 0.43029460310935974, 0.437080442905426, 100, 0.1491546630859375, 0.20022422075271606, 0.6302550435066223, 0.08753810822963715, 0.10308728367090225 
stein,gauss,0.1,anm,1,1,old/anm_10k,0.0, , 0.5508325542924911, 0.56,  nan, nan, 0.02917194366455078, 0.26201650500297546, 0.32900580763816833, 1.1172457933425903, 0.43029460310935974, 0.437080442905426, 100, 0.1491546630859375, 0.20022422075271606, 0.6302550435066223, 0.08753810822963715, 0.10308728367090225 
stein,gauss,0.1,anm,1,1,old/anm,0.0, , 0.9455756578732791, 0.82,  nan, nan, 0.06818532943725586, 0.027603408321738243, 0.02753700688481331, 2.0656051635742188, 0.17579306662082672, 0.22086773812770844, 2500, 0.013437813147902489, 0.017058763653039932, 4.051565170288086, 0.041502147912979126, 0.06705942749977112 
stein,gauss,0.1,anm,1,1,old/anm,0.0, , 0.9892112163806246, 0.91,  nan, nan, 0.27556896209716797, 0.018801340833306313, 0.0168231762945652, 2.063404083251953, 0.1360364854335785, 0.19307585060596466, 5000, 0.0324680432677269, 0.12036332488059998, 3.941164970397949, 0.02755393646657467, 0.07097997516393661 
stein,gauss,0.1,anm,1,1,old/anm,0.0, , 0.8174942389129239, 0.73,  nan, nan, 0.02714228630065918, 0.08445444703102112, 0.08793586492538452, 2.2657790184020996, 0.2880910038948059, 0.3100779056549072, 500, 0.048585787415504456, 0.05981765314936638, 3.7889180183410645, 0.069419264793396, 0.06358092278242111 
stein,gauss,0.1,anm,1,1,old/anm,0.0, , 0.8626520645530245, 0.68,  nan, nan, 0.025972366333007812, 0.055080804973840714, 0.053581226617097855, 2.1669089794158936, 0.22684158384799957, 0.26246151328086853, 1000, 0.027320805937051773, 0.038654450327157974, 3.9230659008026123, 0.05166054144501686, 0.06537716090679169 
stein,gauss,0.1,anm,1,1,old/anm,0.0, , 0.6591828052247092, 0.65,  nan, nan, 0.027552127838134766, 0.13590538501739502, 0.15148614346981049, 2.4458298683166504, 0.3398062586784363, 0.3667348623275757, 250, 0.08801613003015518, 0.10805343836545944, 3.8200716972351074, 0.09157565236091614, 0.08177444338798523 
stein,gauss,0.1,anm,1,1,old/anm,0.0, , 0.9883504015850558, 0.91,  nan, nan, 1.7259812355041504, 0.018172577023506165, 0.0188991017639637, 2.0348944664001465, 0.12095041573047638, 0.18611851334571838, 10000, 0.7522686719894409, 1.1178615093231201, 3.937725782394409, 0.024752257391810417, 0.07368160039186478 
stein,gauss,0.1,anm,1,1,old/anm,0.0, , 0.689805578441094, 0.64,  nan, nan, 0.03431892395019531, 0.26201650500297546, 0.25975751876831055, 2.6571929454803467, 0.39367878437042236, 0.4197100102901459, 100, 0.1491546630859375, 0.2556447684764862, 3.6986796855926514, 0.10736577212810516, 0.10388363152742386 
stein,gauss,0.1,lsnm,1,1,old/lsnm,0.0, , 0.4980028707881788, 0.5,  nan, nan, 0.02731156349182129, 0.13590538501739502, 0.15854787826538086, 2.579045534133911, 0.40904486179351807, 0.42459678649902344, 250, 0.08801613003015518, 0.10423359274864197, 8.245990753173828, 0.12902061641216278, 0.1251199096441269 
stein,gauss,0.1,lsnm,1,1,old/lsnm,0.0, , 0.4479594696006429, 0.46,  nan, nan, 0.026984453201293945, 0.08445444703102112, 0.09453143179416656, 2.3988659381866455, 0.3849966526031494, 0.39635518193244934, 500, 0.048585787415504456, 0.061930060386657715, 9.07776165008545, 0.12886546552181244, 0.11496623605489731 
stein,gauss,0.1,lsnm,1,1,old/lsnm,0.0, , 0.6311205307744044, 0.58,  nan, nan, 0.07114219665527344, 0.027603408321738243, 0.02903684973716736, 2.386246681213379, 0.2836616337299347, 0.3036424517631531, 2500, 0.013437813147902489, 0.024490825831890106, 9.934625625610352, 0.11813155561685562, 0.11317882686853409 
stein,gauss,0.1,lsnm,1,1,old/lsnm,0.0, , 0.5362251379070527, 0.49,  nan, nan, 0.02760934829711914, 0.26201650500297546, 0.3492334485054016, 2.8140454292297363, 0.48177847266197205, 0.501197338104248, 100, 0.1491546630859375, 0.224644273519516, 5.93586540222168, 0.12586846947669983, 0.13033510744571686 
stein,gauss,0.1,lsnm,1,1,old/lsnm,0.0, , 0.6173970367788884, 0.58,  nan, nan, 0.025815963745117188, 0.055080804973840714, 0.06628619134426117, 2.437488317489624, 0.3190772235393524, 0.3378570079803467, 1000, 0.027320805937051773, 0.049992598593235016, 9.571271896362305, 0.11888901889324188, 0.12568289041519165 
stein,gauss,0.1,lsnm,1,1,old/lsnm,0.0, , 0.5454023782782695, 0.54,  nan, nan, 0.2756061553955078, 0.018801340833306313, 0.021242443472146988, 2.325044631958008, 0.24762141704559326, 0.26999831199645996, 5000, 0.0324680432677269, 0.05195999518036842, 10.254704475402832, 0.17128853499889374, 0.13381893932819366 
stein,gauss,0.1,lsnm,1,1,old/lsnm,0.0, , 0.5548514816616162, 0.52,  nan, nan, 1.752561330795288, 0.018172577023506165, 0.02272852696478367, 2.283149242401123, 0.250806987285614, 0.25783225893974304, 10000, 0.7522686719894409, 1.5984723567962646, 10.324020385742188, 0.15397800505161285, 0.1433272659778595 
stein,gauss,0.1,anm,1,1,old/anm,0.0, , 0.9455756578732791, 0.82,  nan, nan, 0.06804943084716797, 0.027603408321738243, 0.02753700688481331, 2.0656051635742188, 0.17579306662082672, 0.22086773812770844, 2500, 0.018874475732445717, 0.03630806505680084, 0.01691385731101036, 0.03519636020064354,  0.9414664506912231, 4.198519229888916, 0.15353192389011383, 0.20466190576553345, 0.1871911883354187, 0.2754996120929718,   
stein,gauss,0.1,anm,1,1,old/anm,0.0, , 0.9892112163806246, 0.91,  nan, nan, 0.27494239807128906, 0.018801340833306313, 0.0168231762945652, 2.063404083251953, 0.1360364854335785, 0.19307585060596466, 5000, 0.013034610077738762, 0.027151450514793396, 0.012036504223942757, 0.026329971849918365,  0.9188133478164673, 4.12725830078125, 0.11978666484355927, 0.15663233399391174, 0.1629381626844406, 0.23197650909423828,   
stein,gauss,0.1,anm,1,1,old/anm,0.0, , 0.8626520645530245, 0.68,  nan, nan, 0.02563786506652832, 0.055080804973840714, 0.053581226617097855, 2.1669089794158936, 0.22684158384799957, 0.26246151328086853, 1000, 0.03753931075334549, 0.07609418034553528, 0.03705589473247528, 0.07923348248004913,  0.9935315847396851, 4.264369964599609, 0.19487304985523224, 0.27035996317863464, 0.22611835598945618, 0.3007587790489197,   
stein,gauss,0.1,anm,1,1,old/anm,0.0, , 0.8174942389129239, 0.73,  nan, nan, 0.02709341049194336, 0.08445444703102112, 0.08793586492538452, 2.2657790184020996, 0.2880910038948059, 0.3100779056549072, 500, 0.06155001372098923, 0.11586493253707886, 0.06446067988872528, 0.1427941620349884,  1.0536203384399414, 4.101959705352783, 0.24385640025138855, 0.3223748803138733, 0.26983848214149475, 0.3560868799686432,   
stein,gauss,0.1,anm,1,1,old/anm,0.0, , 0.6591828052247092, 0.65,  nan, nan, 0.027535200119018555, 0.13590538501739502, 0.15148614346981049, 2.4458298683166504, 0.3398062586784363, 0.3667348623275757, 250, 0.08618954569101334, 0.2125459909439087, 0.10610684752464294, 0.2356245368719101,  1.2740795612335205, 4.392333030700684, 0.285541296005249, 0.4042513072490692, 0.313748836517334, 0.41636183857917786,   
stein,gauss,0.1,anm,1,1,old/anm,0.0, , 0.9883504015850558, 0.91,  nan, nan, 1.7256240844726562, 0.018172577023506165, 0.0188991017639637, 2.0348944664001465, 0.12095041573047638, 0.18611851334571838, 10000, 0.011211293749511242, 0.03572874143719673, 0.013652628287672997, 0.053522199392318726,  0.902788519859314, 4.209512233734131, 0.10879586637020111, 0.13770300149917603, 0.15608462691307068, 0.23106849193572998,   
stein,gauss,0.1,anm,1,1,old/anm,0.0, , 0.689805578441094, 0.64,  nan, nan, 0.0343167781829834, 0.26201650500297546, 0.25975751876831055, 2.6571929454803467, 0.39367878437042236, 0.4197100102901459, 100, 0.16811153292655945, 0.3570827543735504, 0.18034306168556213, 0.3908616900444031,  1.4556920528411865, 4.486539840698242, 0.3450789451599121, 0.4640132188796997, 0.3550488352775574, 0.5088598728179932,   
stein,gauss,0.1,lsnm,1,1,old/lsnm,0.0, , 0.4479594696006429, 0.46,  nan, nan, 0.026947736740112305, 0.08445444703102112, 0.09453143179416656, 2.3988659381866455, 0.3849966526031494, 0.39635518193244934, 500, 0.06155001372098923, 0.11586493253707886, 0.067972332239151, 0.1394922137260437,  1.1948225498199463, 5.3904948234558105, 0.33347514271736145, 0.4375806450843811, 0.3336902856826782, 0.4576394855976105,   
stein,gauss,0.1,lsnm,1,1,old/lsnm,0.0, , 0.4980028707881788, 0.5,  nan, nan, 0.027444124221801758, 0.13590538501739502, 0.15854787826538086, 2.579045534133911, 0.40904486179351807, 0.42459678649902344, 250, 0.08618954569101334, 0.2125459909439087, 0.10546796023845673, 0.23968973755836487,  1.3383985757827759, 5.349069118499756, 0.3643375039100647, 0.5041995048522949, 0.3599942624568939, 0.5145175457000732,   
stein,gauss,0.1,lsnm,1,1,old/lsnm,0.0, , 0.6023928711410291, 0.59,  nan, nan, 0.07021522521972656, 0.027603408321738243, 0.02903684973716736, 2.386183261871338, 0.28416791558265686, 0.30489492416381836, 2500, 0.018874475732445717, 0.03630806505680084, 0.02362564019858837, 0.04557238519191742,  1.0515717267990112, 5.5067596435546875, 0.23807275295257568, 0.3512963056564331, 0.25035208463668823, 0.3849973678588867,   
stein,gauss,0.1,lsnm,1,1,old/lsnm,0.0, , 0.5362251379070527, 0.49,  nan, nan, 0.02748584747314453, 0.26201650500297546, 0.3492334485054016, 2.8140454292297363, 0.48177847266197205, 0.501197338104248, 100, 0.16811153292655945, 0.3570827543735504, 0.22774288058280945, 0.4938427209854126,  1.6913917064666748, 5.118541240692139, 0.4165028929710388, 0.5730802416801453, 0.41050851345062256, 0.612018346786499,   
stein,gauss,0.1,lsnm,1,1,old/lsnm,0.0, , 0.6173970367788884, 0.58,  nan, nan, 0.025933504104614258, 0.055080804973840714, 0.06628619134426117, 2.437488317489624, 0.3190772235393524, 0.3378570079803467, 1000, 0.03753931075334549, 0.07609418034553528, 0.04383314773440361, 0.08828350901603699,  1.0938220024108887, 5.3304877281188965, 0.27801740169525146, 0.39975544810295105, 0.2872277498245239, 0.42608824372291565,   
stein,gauss,0.1,lsnm,1,1,old/lsnm,0.0, , 0.5454023782782695, 0.54,  nan, nan, 0.2764151096343994, 0.018801340833306313, 0.021242443472146988, 2.325044631958008, 0.24762141704559326, 0.26999831199645996, 5000, 0.013034610077738762, 0.027151450514793396, 0.013966715894639492, 0.03089325688779354,  1.0445053577423096, 5.557497024536133, 0.2026151865720749, 0.33774086833000183, 0.22467979788780212, 0.36821848154067993,   
stein,gauss,0.1,lsnm,1,1,old/lsnm,0.0, , 0.5548514816616162, 0.52,  nan, nan, 1.7435126304626465, 0.018172577023506165, 0.02272852696478367, 2.283149242401123, 0.250806987285614, 0.25783225893974304, 10000, 0.011211293749511242, 0.03572874143719673, 0.014985408633947372, 0.07515338808298111,  1.0518593788146973, 5.519185543060303, 0.19575680792331696, 0.35635262727737427, 0.2005508542060852, 0.3801804482936859,   
stein,gauss,0.1,lsnm,1,1,old/lsnm_10k,0.0, , 0.632890244114551, 0.55,  nan, nan, 0.07232379913330078, 0.027603408321738243, 0.029806721955537796, 0.6532187461853027, 0.23881611227989197, 0.24614132940769196, 2500, 0.018874475732445717, 0.03630806505680084, 0.019654806703329086, 0.03879823535680771,  0.4911556839942932, 1.0437545776367188, 0.21031227707862854, 0.2965119183063507, 0.20959791541099548, 0.30310729146003723,   
stein,gauss,0.1,lsnm,1,1,old/lsnm_10k,0.0, , 0.6356285362894778, 0.59,  nan, nan, 0.027718544006347656, 0.13590538501739502, 0.15564146637916565, 1.0123456716537476, 0.41124260425567627, 0.41974472999572754, 250, 0.08618954569101334, 0.2125459909439087, 0.11692303419113159, 0.20884905755519867,  0.8189469575881958, 1.3724474906921387, 0.35090842843055725, 0.47229573130607605, 0.3578048646450043, 0.5069534778594971,   
stein,gauss,0.1,lsnm,1,1,old/lsnm_10k,0.0, , 0.6409913576285792, 0.57,  nan, nan, 0.02614736557006836, 0.055080804973840714, 0.05491601303219795, 0.7408754229545593, 0.3000372350215912, 0.3061659336090088, 1000, 0.03753931075334549, 0.07609418034553528, 0.037758540362119675, 0.08068985491991043,  0.5665034055709839, 1.1645880937576294, 0.2617357671260834, 0.36370864510536194, 0.2726499140262604, 0.3691762685775757,   
stein,gauss,0.1,lsnm,1,1,old/lsnm_10k,0.0, , 0.6043448086112103, 0.51,  nan, nan, 0.027262449264526367, 0.08445444703102112, 0.08882350474596024, 0.8368840217590332, 0.34466415643692017, 0.34407323598861694, 500, 0.06155001372098923, 0.11586493253707886, 0.05261683836579323, 0.1260547935962677,  0.6649118661880493, 1.2388784885406494, 0.30609750747680664, 0.3938722014427185, 0.31102845072746277, 0.41591542959213257,   
stein,gauss,0.1,lsnm,1,1,old/lsnm_10k,0.0, , 0.6681428681631912, 0.63,  nan, nan, 0.2751631736755371, 0.018801340833306313, 0.019068118184804916, 0.6044644117355347, 0.20796552300453186, 0.21697376668453217, 5000, 0.013034610077738762, 0.027151450514793396, 0.014338950626552105, 0.033674463629722595,  0.4561811089515686, 1.0411503314971924, 0.17149944603443146, 0.25849658250808716, 0.1767299920320511, 0.2790603041648865,   
stein,gauss,0.1,lsnm,1,1,old/lsnm_10k,0.0, , 0.6591765702750872, 0.59,  nan, nan, 1.7375521659851074, 0.018172577023506165, 0.01919635757803917, 0.5847699642181396, 0.19483354687690735, 0.20803138613700867, 10000, 0.011211293749511242, 0.03572874143719673, 0.014014854095876217, 0.034921709448099136,  0.4502381384372711, 1.0416104793548584, 0.16086329519748688, 0.2499057501554489, 0.16662730276584625, 0.25315341353416443,   
stein,gauss,0.1,lsnm,1,1,old/lsnm_10k,0.0, , 0.6144655161956507, 0.57,  nan, nan, 0.03444409370422363, 0.26201650500297546, 0.28834670782089233, 1.2526981830596924, 0.484212189912796, 0.508186399936676, 100, 0.16811153292655945, 0.3570827543735504, 0.1834540069103241, 0.4326264560222626,  1.036867618560791, 1.6081697940826416, 0.42029517889022827, 0.5567835569381714, 0.4251793920993805, 0.5982557535171509,   
stein,gauss,0.1,lsnm,1,1,old/lsnm_20k,0.0, , 0.6953301739918166, 0.62,  nan, nan, 0.07231330871582031, 0.025285497307777405, 0.027823688462376595, 0.6383978724479675, 0.23612524569034576, 0.2516455352306366, 2500, 0.018032511696219444, 0.036639437079429626, 0.020719308406114578, 0.038339946419000626,  0.48211169242858887, 1.0737837553024292, 0.20814822614192963, 0.27145591378211975, 0.21350309252738953, 0.2956242859363556,   
stein,gauss,0.1,lsnm,1,1,old/lsnm_20k,0.0, , 0.6075513608162965, 0.54,  nan, nan, 0.025524377822875977, 0.04636669158935547, 0.05328290909528732, 0.7016016244888306, 0.2958282232284546, 0.29358139634132385, 1000, 0.03239986300468445, 0.0685199722647667, 0.039497654885053635, 0.07764002680778503,  0.5715173482894897, 1.1807048320770264, 0.26094087958335876, 0.3402878940105438, 0.26047810912132263, 0.34901028871536255,   
stein,gauss,0.1,lsnm,1,1,old/lsnm_20k,0.0, , 0.5200272968553002, 0.51,  nan, nan, 0.027158260345458984, 0.07786218076944351, 0.10738467425107956, 0.7964982986450195, 0.3309471607208252, 0.34018251299858093, 500, 0.05495835095643997, 0.1139388382434845, 0.07081569731235504, 0.145654559135437,  0.6536905765533447, 1.2618732452392578, 0.3048420250415802, 0.403316468000412, 0.3086063265800476, 0.39599496126174927,   
stein,gauss,0.1,lsnm,1,1,old/lsnm_20k,0.0, , 0.5424517929528606, 0.51,  nan, nan, 0.027801513671875, 0.2908576726913452, 0.2857515215873718, 1.238431453704834, 0.45980870723724365, 0.4755687415599823, 100, 0.17966541647911072, 0.3868796229362488, 0.175571009516716, 0.4136265218257904,  1.0055698156356812, 1.6912835836410522, 0.40753912925720215, 0.5564641952514648, 0.4010816216468811, 0.563495397567749,   
stein,gauss,0.1,lsnm,1,1,old/lsnm_20k,0.0, , 0.6004248240589185, 0.53,  nan, nan, 0.02751612663269043, 0.1677330881357193, 0.14447978138923645, 0.9655731916427612, 0.4017162322998047, 0.400537371635437, 250, 0.10563910752534866, 0.21072931587696075, 0.0979604423046112, 0.21099638938903809,  0.8096822500228882, 1.3494561910629272, 0.34484103322029114, 0.45138147473335266, 0.3602067828178406, 0.47080332040786743,   
stein,gauss,0.1,lsnm,1,1,old/lsnm_20k,0.0, , 0.6739574491221438, 0.66,  nan, nan, 0.2757723331451416, 0.01652081124484539, 0.019668124616146088, 0.5884556770324707, 0.2108559012413025, 0.2180475890636444, 5000, 0.01170483697205782, 0.025242535397410393, 0.014885682612657547, 0.03083566017448902,  0.47082483768463135, 1.0490593910217285, 0.18339680135250092, 0.24546624720096588, 0.18527251482009888, 0.26030081510543823,   
stein,gauss,0.1,lsnm,1,1,old/lsnm_20k,0.0, , 0.7244885090974961, 0.67,  nan, nan, 1.7385494709014893, 0.01773097738623619, 0.021599411964416504, 0.5687474012374878, 0.2030487060546875, 0.2145088165998459, 10000, 0.013461513444781303, 0.05403715372085571, 0.01497579738497734, 0.15471553802490234,  0.4557678699493408, 1.0086435079574585, 0.17258426547050476, 0.235928475856781, 0.17672665417194366, 0.2566297650337219,   

stein,exp,0.1,parametric-lin,1,1,sigmoid,0.0, , 0.4110809348012021, 0.35,  nan, nan, 0.27807068824768066, nan, nan, nan, 14.051788330078125, 13.8777494430542, 5000, nan, nan, nan, nan,  nan, nan, 13.743833541870117, 14.33204460144043, 13.524559020996094, 14.221739768981934,   
stein,gauss,0.1,parametric-lin,1,1,sigmoid,0.0, , 0.9552616785884855, 0.87,  nan, nan, 0.27634692192077637, nan, nan, nan, 0.19359058141708374, 0.21728357672691345, 5000, nan, nan, nan, nan,  nan, nan, 0.15788708627223969, 0.2725222706794739, 0.18513241410255432, 0.34204232692718506,   
stein,exp,0.1,parametric-lin,1,1,lsnm,0.0, , 0.20446105177298096, 0.38,  nan, nan, 0.2796306610107422, nan, nan, nan, 14.376424789428711, 14.156442642211914, 5000, nan, nan, nan, nan,  nan, nan, 13.97287368774414, 15.076508522033691, 13.915563583374023, 14.399096488952637,   
stein,exp,0.1,parametric-lin,1,1,anm,0.0, , 0.139278267294007, 0.26,  nan, nan, 0.2786979675292969, nan, nan, nan, 15.616328239440918, 14.284540176391602, 5000, nan, nan, nan, nan,  nan, nan, 14.26710033416748, 17.366804122924805, 13.948786735534668, 14.826654434204102,   
stein,gauss,0.1,parametric-lin,1,1,lsnm,0.0, , 0.7707820985441739, 0.66,  nan, nan, 0.2750396728515625, nan, nan, nan, 0.1901867538690567, 0.21108722686767578, 5000, nan, nan, nan, nan,  nan, nan, 0.16346240043640137, 0.22576652467250824, 0.1715899258852005, 0.27828434109687805,   
stein,exp,0.1,parametric-quad,1,1,sigmoid,0.0, , 0.4107459016034797, 0.35,  nan, nan, 0.27831220626831055, nan, nan, nan, 14.051633834838867, 13.874319076538086, 5000, nan, nan, nan, nan,  nan, nan, 13.735088348388672, 14.329065322875977, 13.52239990234375, 14.215167045593262,   
stein,gauss,0.1,parametric-quad,1,1,sigmoid,0.0, , 0.9421956655339007, 0.8,  nan, nan, 0.2753455638885498, nan, nan, nan, 0.15261952579021454, 0.17207545042037964, 5000, nan, nan, nan, nan,  nan, nan, 0.13395549356937408, 0.17500852048397064, 0.14941225945949554, 0.23914684355258942,   
stein,exp,0.1,parametric-quad,1,1,lsnm,0.0, , 0.20476182039138524, 0.37,  nan, nan, 0.27858591079711914, nan, nan, nan, 14.371767044067383, 14.154640197753906, 5000, nan, nan, nan, nan,  nan, nan, 13.966811180114746, 15.06982707977295, 13.906609535217285, 14.395339965820312,   
stein,gauss,0.1,parametric-lin,1,1,anm,0.0, , 0.38816211994607364, 0.47,  nan, nan, 0.2707550525665283, nan, nan, nan, 0.33550310134887695, 0.3626604974269867, 5000, nan, nan, nan, nan,  nan, nan, 0.22213704884052277, 0.6235129237174988, 0.24212941527366638, 0.6083911061286926,   
stein,exp,0.1,parametric-quad,1,1,anm,0.0, , 0.13967554297437335, 0.26,  nan, nan, 0.27867889404296875, nan, nan, nan, 15.382537841796875, 14.279182434082031, 5000, nan, nan, nan, nan,  nan, nan, 14.239627838134766, 17.366600036621094, 13.942386627197266, 14.82031536102295,   
stein,gauss,0.1,parametric-quad,1,1,lsnm,0.0, , 0.7851641654641633, 0.73,  nan, nan, 0.2751946449279785, nan, nan, nan, 0.16507384181022644, 0.1760869324207306, 5000, nan, nan, nan, nan,  nan, nan, 0.14603963494300842, 0.18899761140346527, 0.15378156304359436, 0.20825062692165375,   
stein,gauss,0.1,parametric-lin-exp,1,1,sigmoid,0.0, , 0.9462823974164357, 0.83,  nan, nan, 0.2750968933105469, nan, nan, nan, 0.18219225108623505, 0.2109767198562622, 5000, nan, nan, nan, nan,  nan, nan, 0.15159541368484497, 0.2527647614479065, 0.16920676827430725, 0.3113144636154175,   
stein,gauss,0.1,parametric-quad,1,1,anm,0.0, , 0.6331001845890482, 0.58,  nan, nan, 0.2754533290863037, nan, nan, nan, 0.23806044459342957, 0.30315279960632324, 5000, nan, nan, nan, nan,  nan, nan, 0.18963102996349335, 0.3877130448818207, 0.19120731949806213, 0.4059826731681824,   
stein,exp,0.1,parametric-lin-exp,1,1,sigmoid,0.0, , 0.4104817321505135, 0.35,  nan, nan, 0.27873659133911133, nan, nan, nan, 14.053268432617188, 13.871868133544922, 5000, nan, nan, nan, nan,  nan, nan, 13.734109878540039, 14.327624320983887, 13.521245956420898, 14.209895133972168,   
stein,exp,0.1,parametric-lin-exp,1,1,lsnm,0.0, , 0.20451556835298773, 0.38,  nan, nan, 0.2781486511230469, nan, nan, nan, 14.371280670166016, 14.150459289550781, 5000, nan, nan, nan, nan,  nan, nan, 13.968029975891113, 15.070117950439453, 13.912684440612793, 14.395635604858398,   
stein,gauss,0.1,parametric-lin-exp,1,1,lsnm,0.0, , 0.6817903351705857, 0.62,  nan, nan, 0.2750089168548584, nan, nan, nan, 0.16798703372478485, 0.1686972677707672, 5000, nan, nan, nan, nan,  nan, nan, 0.1490868628025055, 0.19152046740055084, 0.15198621153831482, 0.19681334495544434,   
stein,exp,0.1,parametric-lin-exp,1,1,anm,0.0, , 0.1400117757952609, 0.26,  nan, nan, 0.27814579010009766, nan, nan, nan, 15.393754959106445, 14.281290054321289, 5000, nan, nan, nan, nan,  nan, nan, 14.237031936645508, 17.365224838256836, 13.94224739074707, 14.819626808166504,   
stein,gauss,0.1,parametric-quad-exp,1,1,sigmoid,0.0, , 0.9147619650365474, 0.75,  nan, nan, 0.2762303352355957, nan, nan, nan, 0.14972150325775146, 0.16265954077243805, 5000, nan, nan, nan, nan,  nan, nan, 0.13015560805797577, 0.16894090175628662, 0.14529898762702942, 0.22483548521995544,   
stein,exp,0.1,parametric-quad-exp,1,1,sigmoid,0.0, , 0.40971963315861004, 0.35,  nan, nan, 0.27784204483032227, nan, nan, nan, 14.048418045043945, 13.867034912109375, 5000, nan, nan, nan, nan,  nan, nan, 13.734045028686523, 14.324993133544922, 13.520405769348145, 14.208800315856934,   
stein,gauss,0.1,parametric-lin-exp,1,1,anm,0.0, , 0.7029845316488402, 0.66,  nan, nan, 0.2751002311706543, nan, nan, nan, 0.24595460295677185, 0.2855425477027893, 5000, nan, nan, nan, nan,  nan, nan, 0.1807778775691986, 0.3404756188392639, 0.19043287634849548, 0.42307722568511963,   
stein,exp,0.1,parametric-quad-exp,1,1,lsnm,0.0, , 0.20495387828875394, 0.38,  nan, nan, 0.2778003215789795, nan, nan, nan, 14.368234634399414, 14.144308090209961, 5000, nan, nan, nan, nan,  nan, nan, 13.962849617004395, 15.06753921508789, 13.899351119995117, 14.392894744873047,   
stein,exp,0.1,parametric-quad-exp,1,1,anm,0.0, , 0.1396826388374475, 0.26,  nan, nan, 0.27784204483032227, nan, nan, nan, 15.37588882446289, 14.27745246887207, 5000, nan, nan, nan, nan,  nan, nan, 14.235650062561035, 17.3671875, 13.938602447509766, 14.813358306884766,   
stein,gauss,0.1,parametric-quad-exp,1,1,lsnm,0.0, , 0.6908558930476151, 0.63,  nan, nan, 0.27506041526794434, nan, nan, nan, 0.15742449462413788, 0.1596720814704895, 5000, nan, nan, nan, nan,  nan, nan, 0.13885119557380676, 0.178240567445755, 0.14289502799510956, 0.18497544527053833,   
stein,gauss,0.1,parametric-quad-exp,1,1,anm,0.0, , 0.7038241644377378, 0.63,  nan, nan, 0.27506375312805176, nan, nan, nan, 0.22235748171806335, 0.2616928219795227, 5000, nan, nan, nan, nan,  nan, nan, 0.17139078676700592, 0.32264697551727295, 0.18619310855865479, 0.40125226974487305,   
stein,exp,0.1,parametric-lin,1,1,velocity,0.0, , 0.6068145533291496, 0.58,  nan, nan, 0.2796814441680908, nan, nan, nan, 16.06009292602539, 16.148746490478516, 5000, nan, nan, nan, nan,  nan, nan, 14.341171264648438, 18.148061752319336, 14.921317100524902, 18.36046600341797,   
stein,gauss,0.1,parametric-lin,1,1,velocity,0.0, , 0.9510248237415556, 0.88,  nan, nan, 0.27501416206359863, nan, nan, nan, 1.2311073541641235, 1.4341919422149658, 5000, nan, nan, nan, nan,  nan, nan, 0.36534345149993896, 2.7517971992492676, 0.6004587411880493, 3.8025131225585938,   
kde,exp,0.01,parametric-lin,1,1,anm,0.0, , 0.23484390739876662, 0.29,  nan, nan, 0.023539066314697266, nan, nan, nan, 0.1064671128988266, 0.10489500313997269, 5000, nan, nan, nan, nan,  nan, nan, 0.0662730261683464, 0.15204456448554993, 0.05895727127790451, 0.1277434080839157,   
kde,gauss,0.01,parametric-lin,1,1,anm,0.0, , 0.2431853431329203, 0.36,  nan, nan, 0.021632671356201172, nan, nan, nan, 0.150624617934227, 0.13910430669784546, 5000, nan, nan, nan, nan,  nan, nan, 0.1234881803393364, 0.2271997332572937, 0.11566314101219177, 0.1940116435289383,   
stein,exp,0.1,parametric-quad,1,1,velocity,0.0, , 0.6117786614664985, 0.59,  nan, nan, 0.27864789962768555, nan, nan, nan, 15.301248550415039, 16.03225326538086, 5000, nan, nan, nan, nan,  nan, nan, 14.024227142333984, 17.424083709716797, 14.909104347229004, 18.117427825927734,   
stein,exp,0.1,parametric-lin-exp,1,1,velocity,0.0, , 0.6175114091818419, 0.6,  nan, nan, 0.27838134765625, nan, nan, nan, 15.344791412353516, 16.018373489379883, 5000, nan, nan, nan, nan,  nan, nan, 13.953126907348633, 17.42336082458496, 14.905354499816895, 18.25448989868164,   
kde,gauss,0.01,parametric-quad,1,1,anm,0.0, , 0.24218583768754268, 0.36,  nan, nan, 0.02165532112121582, nan, nan, nan, 0.094336599111557, 0.08150278031826019, 5000, nan, nan, nan, nan,  nan, nan, 0.0484059639275074, 0.1518779695034027, 0.04798281192779541, 0.12151530385017395,   
kde,exp,0.01,parametric-lin-exp,1,1,anm,0.0, , 0.2615521001211542, 0.38,  nan, nan, 0.023653745651245117, nan, nan, nan, 0.0854615569114685, 0.0680750235915184, 5000, nan, nan, nan, nan,  nan, nan, 0.031788576394319534, 0.1281924694776535, 0.035010840743780136, 0.11459039151668549,   
stein,gauss,0.1,parametric-quad,1,1,velocity,0.0, , 0.9801922967564474, 0.96,  nan, nan, 0.27089715003967285, nan, nan, nan, 0.6463066339492798, 1.325134038925171, 5000, nan, nan, nan, nan,  nan, nan, 0.2905038595199585, 1.7870128154754639, 0.4679468870162964, 3.194087028503418,   
stein,gauss,0.1,parametric-lin-exp,1,1,velocity,0.0, , 0.9732718330366764, 0.91,  nan, nan, 0.27535414695739746, nan, nan, nan, 0.7001458406448364, 1.390885829925537, 5000, nan, nan, nan, nan,  nan, nan, 0.2960980534553528, 1.5578564405441284, 0.4801839590072632, 3.26737117767334,   
kde,gauss,0.01,parametric-lin-exp,1,1,anm,0.0, , 0.25682661919121247, 0.36,  nan, nan, 0.021433353424072266, nan, nan, nan, 0.11366785317659378, 0.11555178463459015, 5000, nan, nan, nan, nan,  nan, nan, 0.07091965526342392, 0.16967038810253143, 0.06392921507358551, 0.14188207685947418,   
kde,exp,0.01,parametric-quad,1,1,anm,0.0, , 0.20061432424166284, 0.32,  nan, nan, 0.02350592613220215, nan, nan, nan, 0.04539431631565094, 0.04015269875526428, 5000, nan, nan, nan, nan,  nan, nan, 0.026216480880975723, 0.08858468383550644, 0.026323698461055756, 0.05255649983882904,   
stein,exp,0.1,parametric-quad-exp,1,1,velocity,0.0, , 0.6179486446606086, 0.59,  nan, nan, 0.27805614471435547, nan, nan, nan, 15.295001983642578, 15.967107772827148, 5000, nan, nan, nan, nan,  nan, nan, 13.939897537231445, 17.401668548583984, 14.892977714538574, 18.043489456176758,   
stein,gauss,0.1,parametric-quad-exp,1,1,velocity,0.0, , 0.9832174934314625, 0.97,  nan, nan, 0.27602362632751465, nan, nan, nan, 0.5974801182746887, 1.2692739963531494, 5000, nan, nan, nan, nan,  nan, nan, 0.2596393823623657, 1.483999490737915, 0.4461038112640381, 3.1552810668945312,   
kde,gauss,0.01,parametric-quad-exp,1,1,anm,0.0, , 0.2792657957779915, 0.41,  nan, nan, 0.021663427352905273, nan, nan, nan, 0.08700428903102875, 0.072792187333107, 5000, nan, nan, nan, nan,  nan, nan, 0.042241375893354416, 0.1327328085899353, 0.04190519452095032, 0.11208483576774597,   
kde,exp,0.01,parametric-quad-exp,1,1,anm,0.0, , 0.21295440062780444, 0.34,  nan, nan, 0.023571252822875977, nan, nan, nan, 0.045405104756355286, 0.03922335058450699, 5000, nan, nan, nan, nan,  nan, nan, 0.026853591203689575, 0.08042559772729874, 0.024924302473664284, 0.05090714991092682,   
stein,gauss,0.1,anm,1,1,lsnm,0.0, , 0.674107975063271, 0.59,  nan, nan, 0.2748875617980957, nan, nan, nan, 0.16759362816810608, 0.19694143533706665, 5000, nan, nan, nan, nan,  nan, nan, 0.14008238911628723, 0.2220936417579651, 0.1604134887456894, 0.25678712129592896,   
stein,gauss,0.1,anm,1,1,anm,0.0, , 0.9451561139420349, 0.92,  nan, nan, 0.2757115364074707, nan, nan, nan, 0.17746859788894653, 0.38115620613098145, 5000, nan, nan, nan, nan,  nan, nan, 0.13525591790676117, 0.21252968907356262, 0.25190815329551697, 0.5177559852600098,   
kde,exp,0.01,parametric-lin,1,1,lsnm,0.0, , 0.2410981802964853, 0.33,  nan, nan, 0.02321767807006836, nan, nan, nan, 0.10299890488386154, 0.1005900427699089, 5000, nan, nan, nan, nan,  nan, nan, 0.08848603069782257, 0.12558391690254211, 0.08219368755817413, 0.12729081511497498,   
kde,gauss,0.01,parametric-lin,1,1,lsnm,0.0, , 0.46187437515893365, 0.38,  nan, nan, 0.027275562286376953, nan, nan, nan, 0.13454338908195496, 0.13968689739704132, 5000, nan, nan, nan, nan,  nan, nan, 0.11718257516622543, 0.16218693554401398, 0.1266370415687561, 0.15488633513450623,   
stein,gauss,0.1,nn,1,1,sigmoid,0.0, , 0.6924014426285109, 0.56,  nan, nan, 0.2750215530395508, nan, nan, nan, 0.1269499957561493, 0.1293623000383377, 5000, nan, nan, nan, nan,  nan, nan, 0.10756604373455048, 0.14643576741218567, 0.10954339802265167, 0.15614451467990875,   
kde,gauss,0.01,parametric-quad,1,1,lsnm,0.0, , 0.21550358997714802, 0.3,  nan, nan, 0.021602392196655273, nan, nan, nan, 0.07713733613491058, 0.0654950886964798, 5000, nan, nan, nan, nan,  nan, nan, 0.05076704919338226, 0.10601580888032913, 0.04263060539960861, 0.09895903617143631,   
stein,exp,0.1,anm,1,1,lsnm,0.0, , 0.203966870129788, 0.38,  nan, nan, 0.2783830165863037, nan, nan, nan, 14.370525360107422, 14.132488250732422, 5000, nan, nan, nan, nan,  nan, nan, 13.960021018981934, 15.053287506103516, 13.891112327575684, 14.38581657409668,   
kde,exp,0.01,parametric-lin-exp,1,1,lsnm,0.0, , 0.2963684679390355, 0.37,  nan, nan, 0.023667335510253906, nan, nan, nan, 0.07458081841468811, 0.07454530149698257, 5000, nan, nan, nan, nan,  nan, nan, 0.05373341962695122, 0.11767810583114624, 0.045964017510414124, 0.11925935000181198,   
stein,gauss,0.1,nn,1,1,lsnm,0.0, , 0.6359998497988532, 0.57,  nan, nan, 0.27649784088134766, nan, nan, nan, 0.13313445448875427, 0.13288892805576324, 5000, nan, nan, nan, nan,  nan, nan, 0.110953688621521, 0.15414077043533325, 0.11331895738840103, 0.15511095523834229,   
stein,exp,0.1,anm,1,1,anm,0.0, , 0.13948143128111085, 0.26,  nan, nan, 0.27846837043762207, nan, nan, nan, 15.35865306854248, 14.257448196411133, 5000, nan, nan, nan, nan,  nan, nan, 14.207428932189941, 17.328508377075195, 13.932284355163574, 14.821327209472656,   
kde,exp,0.01,parametric-quad,1,1,lsnm,0.0, , 0.09627575402017868, 0.24,  nan, nan, 0.02361917495727539, nan, nan, nan, 0.04240582510828972, 0.036307334899902344, 5000, nan, nan, nan, nan,  nan, nan, 0.03210734948515892, 0.05582641810178757, 0.024704966694116592, 0.04467714950442314,   
kde,gauss,0.01,parametric-lin-exp,1,1,lsnm,0.0, , 0.5456400721624837, 0.46,  nan, nan, 0.021782636642456055, nan, nan, nan, 0.10304664075374603, 0.11549680680036545, 5000, nan, nan, nan, nan,  nan, nan, 0.08210951834917068, 0.13260257244110107, 0.0812353640794754, 0.13823622465133667,   
kde,exp,0.01,anm,1,1,anm,0.0, , 0.2300121282914136, 0.32,  nan, nan, 0.023722410202026367, nan, nan, nan, 0.09259927272796631, 0.08313801884651184, 5000, nan, nan, nan, nan,  nan, nan, 0.05814161151647568, 0.12972471117973328, 0.05074793100357056, 0.12384448945522308,   
stein,gauss,0.1,anm,1,1,sigmoid,0.0, , 0.15406181557162313, 0.36,  nan, nan, 0.2759699821472168, nan, nan, nan, 0.21861028671264648, 0.20864497125148773, 5000, nan, nan, nan, nan,  nan, nan, 0.1732400357723236, 0.36744117736816406, 0.16314348578453064, 0.3031288981437683,   
kde,gauss,0.01,parametric-lin,1,1,sigmoid,0.0, , 0.2464081330536284, 0.22,  nan, nan, 0.02146744728088379, nan, nan, nan, 0.14796319603919983, 0.13597938418388367, 5000, nan, nan, nan, nan,  nan, nan, 0.1370949149131775, 0.15782444179058075, 0.1292622983455658, 0.14840447902679443,   
stein,exp,0.1,nn,1,1,anm,0.0, , 0.13993139764545445, 0.25,  nan, nan, 0.2782156467437744, nan, nan, nan, 15.331140518188477, 14.207858085632324, 5000, nan, nan, nan, nan,  nan, nan, 14.195892333984375, 17.32215118408203, 13.88420581817627, 14.759767532348633,   
stein,gauss,0.1,nn,1,1,anm,0.0, , 0.7197570916299917, 0.65,  nan, nan, 0.2761526107788086, nan, nan, nan, 0.14218640327453613, 0.17412641644477844, 5000, nan, nan, nan, nan,  nan, nan, 0.12507355213165283, 0.19695597887039185, 0.13886727392673492, 0.23925405740737915,   
stein,exp,0.1,nn,1,1,lsnm,0.0, , 0.20588761480216936, 0.39,  nan, nan, 0.27846360206604004, nan, nan, nan, 14.307198524475098, 14.086255073547363, 5000, nan, nan, nan, nan,  nan, nan, 13.89751148223877, 15.003390312194824, 13.845529556274414, 14.312308311462402,   
kde,gauss,0.01,anm,1,1,anm,0.0, , 0.3717710068412917, 0.43,  nan, nan, 0.0218198299407959, nan, nan, nan, 0.13566192984580994, 0.13911905884742737, 5000, nan, nan, nan, nan,  nan, nan, 0.11719608306884766, 0.18752241134643555, 0.1024027019739151, 0.18870140612125397,   
kde,exp,0.01,parametric-quad-exp,1,1,lsnm,0.0, , 0.13559674305709135, 0.18,  nan, nan, 0.02539992332458496, nan, nan, nan, 0.04007588326931, 0.03183167055249214, 5000, nan, nan, nan, nan,  nan, nan, 0.027533063665032387, 0.056029319763183594, 0.02227233536541462, 0.042426519095897675,   
kde,exp,0.01,parametric-lin,1,1,sigmoid,0.0, , 0.1424407124838643, 0.19,  nan, nan, 0.029603242874145508, nan, nan, nan, 0.1302972435951233, 0.12075692415237427, 5000, nan, nan, nan, nan,  nan, nan, 0.1253896802663803, 0.13593114912509918, 0.1164911761879921, 0.12580768764019012,   
kde,gauss,0.01,parametric-quad-exp,1,1,lsnm,0.0, , 0.2444436333878921, 0.35,  nan, nan, 0.02163553237915039, nan, nan, nan, 0.06349579989910126, 0.06075675040483475, 5000, nan, nan, nan, nan,  nan, nan, 0.045643337070941925, 0.09832114726305008, 0.04001679643988609, 0.09425465762615204,   
kde,gauss,0.01,parametric-quad,1,1,sigmoid,0.0, , 0.2126955542950574, 0.31,  nan, nan, 0.02327728271484375, nan, nan, nan, 0.09263470768928528, 0.08769550919532776, 5000, nan, nan, nan, nan,  nan, nan, 0.08014317601919174, 0.10124929249286652, 0.07532081753015518, 0.0966949462890625,   
kde,gauss,0.01,parametric-lin-exp,1,1,sigmoid,0.0, , 0.2852152433355104, 0.24,  nan, nan, 0.021376371383666992, nan, nan, nan, 0.1426534801721573, 0.13464397192001343, 5000, nan, nan, nan, nan,  nan, nan, 0.13515004515647888, 0.15340913832187653, 0.12647518515586853, 0.14707568287849426,   
kde,exp,0.01,parametric-quad,1,1,sigmoid,0.0, , 0.250829777563864, 0.26,  nan, nan, 0.023619890213012695, nan, nan, nan, 0.04563451558351517, 0.03935614973306656, 5000, nan, nan, nan, nan,  nan, nan, 0.0422726571559906, 0.05151621997356415, 0.03588360920548439, 0.0460115410387516,   
kde,exp,0.01,parametric-lin-exp,1,1,sigmoid,0.0, , 0.21707467501366573, 0.21,  nan, nan, 0.02363443374633789, nan, nan, nan, 0.12825897336006165, 0.11909213662147522, 5000, nan, nan, nan, nan,  nan, nan, 0.12269765138626099, 0.13320529460906982, 0.1149589791893959, 0.12527352571487427,   
kde,exp,0.01,anm,1,1,lsnm,0.0, , 0.2607036531487132, 0.36,  nan, nan, 0.023682117462158203, nan, nan, nan, 0.09011145681142807, 0.08799229562282562, 5000, nan, nan, nan, nan,  nan, nan, 0.07266820222139359, 0.1185687780380249, 0.06455886363983154, 0.12168426811695099,   
kde,gauss,0.01,parametric-lin,1,1,velocity,0.0, , 0.0871939949181947, 0.2,  nan, nan, 0.02353072166442871, nan, nan, nan, 0.20952269434928894, 0.15914860367774963, 5000, nan, nan, nan, nan,  nan, nan, 0.15730996429920197, 0.29805541038513184, 0.13012531399726868, 0.1920914351940155,   
stein,exp,0.1,anm,1,1,sigmoid,0.0, , 0.4088841318707443, 0.33,  nan, nan, 0.2789301872253418, nan, nan, nan, 14.042997360229492, 13.84588623046875, 5000, nan, nan, nan, nan,  nan, nan, 13.727311134338379, 14.311594009399414, 13.50903606414795, 14.216435432434082,   
kde,gauss,0.01,parametric-quad-exp,1,1,sigmoid,0.0, , 0.2672671765285389, 0.36,  nan, nan, 0.021738052368164062, nan, nan, nan, 0.09153266251087189, 0.08527469635009766, 5000, nan, nan, nan, nan,  nan, nan, 0.07915569841861725, 0.10040843486785889, 0.07576750218868256, 0.09574396908283234,   
kde,exp,0.01,parametric-quad-exp,1,1,sigmoid,0.0, , 0.2785072636912434, 0.27,  nan, nan, 0.0236661434173584, nan, nan, nan, 0.04480193182826042, 0.038209013640880585, 5000, nan, nan, nan, nan,  nan, nan, 0.039825983345508575, 0.05111750215291977, 0.034947436302900314, 0.04473569989204407,   
kde,exp,0.01,parametric-lin,1,1,velocity,0.0, , 0.3063425995859708, 0.42,  nan, nan, 0.025284290313720703, nan, nan, nan, 0.12230198085308075, 0.12456990778446198, 5000, nan, nan, nan, nan,  nan, nan, 0.09504222124814987, 0.17500343918800354, 0.10500337183475494, 0.15540671348571777,   
kde,gauss,0.01,anm,1,1,lsnm,0.0, , 0.3877348187217995, 0.4,  nan, nan, 0.0218048095703125, nan, nan, nan, 0.12633360922336578, 0.13373145461082458, 5000, nan, nan, nan, nan,  nan, nan, 0.1145481988787651, 0.15057671070098877, 0.10450206696987152, 0.14678391814231873,   
stein,exp,0.1,nn,1,1,sigmoid,0.0, , 0.40977177492905315, 0.33,  nan, nan, 0.27916646003723145, nan, nan, nan, 13.973484992980957, 13.783018112182617, 5000, nan, nan, nan, nan,  nan, nan, 13.680414199829102, 14.2365140914917, 13.410858154296875, 14.133404731750488,   
kde,exp,0.01,nn,1,1,anm,0.0, , 0.19462180194671622, 0.29,  nan, nan, 0.025937795639038086, nan, nan, nan, 0.05438194051384926, 0.04119778424501419, 5000, nan, nan, nan, nan,  nan, nan, 0.03034529648721218, 0.0853833258152008, 0.030523378401994705, 0.06088641658425331,   
stein,exp,0.1,anm,1,1,velocity,0.0, , 0.6408097731329118, 0.6,  nan, nan, 0.27788496017456055, nan, nan, nan, 15.248483657836914, 15.988941192626953, 5000, nan, nan, nan, nan,  nan, nan, 13.955692291259766, 17.20627784729004, 14.891711235046387, 18.22676658630371,   
stein,gauss,0.1,anm,1,1,velocity,0.0, , 0.9709181340000578, 0.86,  nan, nan, 0.2759108543395996, nan, nan, nan, 0.6561797261238098, 1.23325777053833, 5000, nan, nan, nan, nan,  nan, nan, 0.3907633423805237, 1.1648809909820557, 0.4898301362991333, 3.531586170196533,   
kde,exp,0.01,parametric-quad,1,1,velocity,0.0, , 0.5466364398762321, 0.65,  nan, nan, 0.023413419723510742, nan, nan, nan, 0.05930998921394348, 0.08599144220352173, 5000, nan, nan, nan, nan,  nan, nan, 0.036956384778022766, 0.0977247804403305, 0.0662115290760994, 0.11224354803562164,   
stein,exp,0.1,nn,1,1,velocity,0.0, , 0.5844685597195574, 0.59,  nan, nan, 0.278017520904541, nan, nan, nan, 15.156370162963867, 15.749955177307129, 5000, nan, nan, nan, nan,  nan, nan, 13.858697891235352, 17.122358322143555, 14.796612739562988, 17.76247215270996,   
kde,exp,0.01,parametric-lin-exp,1,1,velocity,0.0, , 0.5072062821817411, 0.64,  nan, nan, 0.023542165756225586, nan, nan, nan, 0.0894615575671196, 0.10975184291601181, 5000, nan, nan, nan, nan,  nan, nan, 0.04928393289446831, 0.13309668004512787, 0.0922471210360527, 0.13378451764583588,   
kde,gauss,0.01,parametric-quad,1,1,velocity,0.0, , 0.29588152443714977, 0.43,  nan, nan, 0.027338027954101562, nan, nan, nan, 0.129675030708313, 0.11499052494764328, 5000, nan, nan, nan, nan,  nan, nan, 0.07531102001667023, 0.18197621405124664, 0.08020836114883423, 0.15820446610450745,   
stein,gauss,0.1,nn,1,1,velocity,0.0, , 0.992700885837536, 0.96,  nan, nan, 0.2758512496948242, nan, nan, nan, 0.32438749074935913, 0.8548727035522461, 5000, nan, nan, nan, nan,  nan, nan, 0.19855637848377228, 0.7201907634735107, 0.29012954235076904, 2.500072717666626,   
kde,gauss,0.01,nn,1,1,anm,0.0, , 0.4691447302041464, 0.54,  nan, nan, 0.022105932235717773, nan, nan, nan, 0.07734154164791107, 0.07616999000310898, 5000, nan, nan, nan, nan,  nan, nan, 0.041424959897994995, 0.1165199801325798, 0.04160548001527786, 0.11540684849023819,   
kde,gauss,0.01,parametric-lin-exp,1,1,velocity,0.0, , 0.15382809545819384, 0.27,  nan, nan, 0.023643970489501953, nan, nan, nan, 0.14924925565719604, 0.12619265913963318, 5000, nan, nan, nan, nan,  nan, nan, 0.1121494323015213, 0.19955630600452423, 0.08253088593482971, 0.16503854095935822,   
kde,exp,0.01,anm,1,1,sigmoid,0.0, , 0.018895528656704665, 0.11,  nan, nan, 0.025855302810668945, nan, nan, nan, 0.12890376150608063, 0.11785440891981125, 5000, nan, nan, nan, nan,  nan, nan, 0.1242658793926239, 0.1362999677658081, 0.11286206543445587, 0.12425923347473145,   
kde,gauss,0.01,anm,1,1,sigmoid,0.0, , 0.001677683510425742, 0.02,  nan, nan, 0.02183389663696289, nan, nan, nan, 0.1553538739681244, 0.13559868931770325, 5000, nan, nan, nan, nan,  nan, nan, 0.14159312844276428, 0.17780539393424988, 0.12706366181373596, 0.15079200267791748,   
kde,exp,0.01,parametric-quad-exp,1,1,velocity,0.0, , 0.5239395534540742, 0.66,  nan, nan, 0.02337813377380371, nan, nan, nan, 0.049304042011499405, 0.07736945152282715, 5000, nan, nan, nan, nan,  nan, nan, 0.030256401747465134, 0.08995422720909119, 0.06379472464323044, 0.09555105119943619,   
kde,gauss,0.01,parametric-quad-exp,1,1,velocity,0.0, , 0.2597140930903588, 0.39,  nan, nan, 0.023035287857055664, nan, nan, nan, 0.11404509842395782, 0.10071150213479996, 5000, nan, nan, nan, nan,  nan, nan, 0.06438899785280228, 0.1611073613166809, 0.06599027663469315, 0.14332817494869232,   
kde,exp,0.01,nn,1,1,lsnm,0.0, , 0.16771469179282567, 0.28,  nan, nan, 0.02357172966003418, nan, nan, nan, 0.047023873776197433, 0.04052657634019852, 5000, nan, nan, nan, nan,  nan, nan, 0.03545259311795235, 0.06910569965839386, 0.031245850026607513, 0.0589137002825737,   
stein,gauss,0.1,lsnm,1,1,lsnm,0.0, , 0.8447024907945112, 0.72,  nan, nan, 0.2754232883453369, nan, nan, nan, 0.16369205713272095, 0.1799861192703247, 5000, nan, nan, nan, nan,  nan, nan, 0.14159740507602692, 0.18767358362674713, 0.15453626215457916, 0.21738405525684357,   
kde,exp,0.01,lsnm,1,1,anm,0.0, , 0.21248453903001197, 0.25,  nan, nan, 0.023688316345214844, nan, nan, nan, 0.06995480507612228, 0.061472292989492416, 5000, nan, nan, nan, nan,  nan, nan, 0.04098227247595787, 0.09853879362344742, 0.04244584962725639, 0.08170800656080246,   
kde,gauss,0.01,nn,1,1,lsnm,0.0, , 0.491457422619157, 0.51,  nan, nan, 0.02190852165222168, nan, nan, nan, 0.08231721073389053, 0.08223680406808853, 5000, nan, nan, nan, nan,  nan, nan, 0.056200213730335236, 0.11341719329357147, 0.05707983672618866, 0.11417926847934723,   
stein,gauss,0.1,lsnm,1,1,anm,0.0, , 0.8706780191083057, 0.79,  nan, nan, 0.2751586437225342, nan, nan, nan, 0.23541992902755737, 0.30976402759552, 5000, nan, nan, nan, nan,  nan, nan, 0.17697280645370483, 0.3132472336292267, 0.20314382016658783, 0.45908504724502563,   
kde,exp,0.01,anm,1,1,velocity,0.0, , 0.2034144341997305, 0.33,  nan, nan, 0.025828123092651367, nan, nan, nan, 0.11823141574859619, 0.11258338391780853, 5000, nan, nan, nan, nan,  nan, nan, 0.09259161353111267, 0.1678067445755005, 0.08749721944332123, 0.13547371327877045,   
kde,exp,0.01,lsnm,1,1,lsnm,0.0, , 0.12076273907049392, 0.25,  nan, nan, 0.023640155792236328, nan, nan, nan, 0.06195678561925888, 0.0559745728969574, 5000, nan, nan, nan, nan,  nan, nan, 0.04736386239528656, 0.08196757733821869, 0.042929135262966156, 0.0766696184873581,   
stein,gauss,0.1,lsnm,1,1,sigmoid,0.0, , 0.9349337792068456, 0.77,  nan, nan, 0.2771308422088623, nan, nan, nan, 0.16099511086940765, 0.19168013334274292, 5000, nan, nan, nan, nan,  nan, nan, 0.13938608765602112, 0.19586513936519623, 0.1595563292503357, 0.23110780119895935,   
kde,exp,0.01,nn,1,1,sigmoid,0.0, , 0.4551106628726307, 0.38,  nan, nan, 0.02330470085144043, nan, nan, nan, 0.06285446137189865, 0.05962496995925903, 5000, nan, nan, nan, nan,  nan, nan, 0.05568046495318413, 0.07188990712165833, 0.05423174798488617, 0.06738001108169556,   
stein,exp,0.1,lsnm,1,1,anm,0.0, , 0.14024106836787412, 0.26,  nan, nan, 0.2802753448486328, nan, nan, nan, 15.347270011901855, 14.241195678710938, 5000, nan, nan, nan, nan,  nan, nan, 14.199319839477539, 17.318166732788086, 13.90269947052002, 14.803547859191895,   
stein,exp,0.1,lsnm,1,1,lsnm,0.0, , 0.19979877938764012, 0.38,  nan, nan, 0.2833223342895508, nan, nan, nan, 14.338146209716797, 14.114225387573242, 5000, nan, nan, nan, nan,  nan, nan, 13.944074630737305, 15.033514022827148, 13.882837295532227, 14.346397399902344,   
kde,gauss,0.01,nn,1,1,sigmoid,0.0, , 0.11160755719448771, 0.23,  nan, nan, 0.0218963623046875, nan, nan, nan, 0.11557374894618988, 0.10743111371994019, 5000, nan, nan, nan, nan,  nan, nan, 0.10883282124996185, 0.12502267956733704, 0.1018681451678276, 0.11528867483139038,   
kde,exp,0.01,lsnm,1,1,sigmoid,0.0, , 0.27463591541285864, 0.38,  nan, nan, 0.023398876190185547, nan, nan, nan, 0.07779456675052643, 0.07513739168643951, 5000, nan, nan, nan, nan,  nan, nan, 0.07506212592124939, 0.08110100030899048, 0.07082724571228027, 0.07870642840862274,   
kde,gauss,0.01,anm,1,1,velocity,0.0, , 0.0448258694253745, 0.16,  nan, nan, 0.024013519287109375, nan, nan, nan, 0.21502937376499176, 0.1372445672750473, 5000, nan, nan, nan, nan,  nan, nan, 0.16384249925613403, 0.27309995889663696, 0.10415530949831009, 0.17670094966888428,   
kde,gauss,0.01,lsnm,1,1,lsnm,0.0, , 0.6410912629124128, 0.6,  nan, nan, 0.02158832550048828, nan, nan, nan, 0.09820842742919922, 0.10407978296279907, 5000, nan, nan, nan, nan,  nan, nan, 0.07995560020208359, 0.12136446684598923, 0.08180973678827286, 0.12290569394826889,   
kde,gauss,0.01,lsnm,1,1,anm,0.0, , 0.4374711637302244, 0.43,  nan, nan, 0.02400946617126465, nan, nan, nan, 0.1086568534374237, 0.11127738654613495, 5000, nan, nan, nan, nan,  nan, nan, 0.08103201538324356, 0.14543680846691132, 0.07039402425289154, 0.13841691613197327,   
kde,exp,0.01,nn,1,1,velocity,0.0, , 0.511982050720595, 0.63,  nan, nan, 0.023923873901367188, nan, nan, nan, 0.05610261112451553, 0.06858116388320923, 5000, nan, nan, nan, nan,  nan, nan, 0.036324433982372284, 0.07906804233789444, 0.05103496462106705, 0.08452539145946503,   
kde,gauss,0.01,nn,1,1,velocity,0.0, , 0.45823991409228393, 0.5,  nan, nan, 0.021904706954956055, nan, nan, nan, 0.0844046100974083, 0.07981093972921371, 5000, nan, nan, nan, nan,  nan, nan, 0.046927280724048615, 0.12999799847602844, 0.05796365812420845, 0.12348901480436325,   
stein,exp,0.1,lsnm,1,1,sigmoid,0.0, , 0.4100328205620549, 0.35,  nan, nan, 0.28003931045532227, nan, nan, nan, 14.03568172454834, 13.827987670898438, 5000, nan, nan, nan, nan,  nan, nan, 13.72511100769043, 14.296635627746582, 13.493209838867188, 14.191739082336426,   
kde,gauss,0.01,lsnm,1,1,sigmoid,0.0, , 0.21029838967647815, 0.28,  nan, nan, 0.021736621856689453, nan, nan, nan, 0.1219070702791214, 0.11783717572689056, 5000, nan, nan, nan, nan,  nan, nan, 0.11683807522058487, 0.13004711270332336, 0.11399346590042114, 0.1273425817489624,   
stein,gauss,0.1,lsnm,1,1,velocity,0.0, , 0.9923974368952168, 0.95,  nan, nan, 0.2770845890045166, nan, nan, nan, 0.5999830365180969, 1.2025232315063477, 5000, nan, nan, nan, nan,  nan, nan, 0.30742955207824707, 1.3322696685791016, 0.46322718262672424, 3.1841721534729004,   
kde,exp,0.01,lsnm,1,1,velocity,0.0, , 0.5313498628536734, 0.58,  nan, nan, 0.0238649845123291, nan, nan, nan, 0.07726073265075684, 0.09552798420190811, 5000, nan, nan, nan, nan,  nan, nan, 0.05174918472766876, 0.11563921719789505, 0.08039968460798264, 0.11802063882350922,   
kde,gauss,0.01,lsnm,1,1,velocity,0.0, , 0.09529566948552898, 0.26,  nan, nan, 0.021732568740844727, nan, nan, nan, 0.14192631840705872, 0.11976132541894913, 5000, nan, nan, nan, nan,  nan, nan, 0.11669563502073288, 0.18871396780014038, 0.0858258306980133, 0.15718790888786316,   
stein,exp,0.1,lsnm,1,1,velocity,0.0, , 0.6259968524643538, 0.59,  nan, nan, 0.2861769199371338, nan, nan, nan, 15.35272216796875, 15.949787139892578, 5000, nan, nan, nan, nan,  nan, nan, 13.962675094604492, 17.3032283782959, 14.87751579284668, 18.15386962890625,   
, , ,lik_spline, , , sigmoid, 0.0, , 0.5298441541520775, 0.35, , , , , , , , 5000
, , ,hsic, , , sigmoid, 0.0, , 0.863185052791162, 0.7, , , , , , , , 5000
, , ,hsic, , , lsnm, 0.0, , 0.9265085815299047, 0.78, , , , , , , , 5000
, , ,lik, , , lsnm, 0.0, , 0.30736850673266186, 0.4, , , , , , , , 5000
, , ,lik, , , anm, 0.0, , 0.557501559477801, 0.49, , , , , , , , 5000
, , ,hsic, , , velocity, 0.0, , 0.2506655635769766, 0.4, , , , , , , , 5000
, , ,hsic_spline, , , sigmoid, 0.0, , 0.7399213480193851, 0.62, , , , , , , , 5000
, , ,lik, , , velocity, 0.0, , 0.6555111740404905, 0.43, , , , , , , , 5000
, , ,hsic, , , anm, 0.0, , 0.9918289808201525, 0.97, , , , , , , , 5000
gt,gauss,0.1,anm,1,1,old/anm,0.0, , 1.0, 1.0,  nan, nan, 1.9550323486328125e-05, 0.0, 0.0, 0.0, 0.0025883575435727835, 0.3699634373188019, 10000, 0.0, 0.0, 0.0, 0.0,  0.0, 0.0, 0.0019414749694988132, 0.0037928458768874407, 0.2742519974708557, 0.5709018707275391,   
gt,gauss,0.1,anm,1,1,old/anm,0.0, , 1.0, 1.0,  nan, nan, 1.8835067749023438e-05, 0.0, 0.0, 0.0, 0.0026222001761198044, 0.37997347116470337, 5000, 0.0, 0.0, 0.0, 0.0,  0.0, 0.0, 0.001793445786461234, 0.0034268833696842194, 0.27922946214675903, 0.5769830346107483,   
gt,gauss,0.1,anm,1,1,old/anm,0.0, , 1.0, 1.0,  nan, nan, 1.8835067749023438e-05, 0.0, 0.0, 0.0, 0.0026705279015004635, 0.3750903606414795, 2500, 0.0, 0.0, 0.0, 0.0,  0.0, 0.0, 0.001737876096740365, 0.004031440243124962, 0.28264540433883667, 0.5745527744293213,   
gt,gauss,0.1,anm,1,1,old/anm,0.0, , 1.0, 1.0,  nan, nan, 1.9311904907226562e-05, 0.0, 0.0, 0.0, 0.0030619511380791664, 0.39679932594299316, 500, 0.0, 0.0, 0.0, 0.0,  0.0, 0.0, 0.002228609286248684, 0.004363938234746456, 0.30097514390945435, 0.5756244659423828,   
gt,gauss,0.1,anm,1,1,old/anm,0.0, , 1.0, 1.0,  nan, nan, 1.8596649169921875e-05, 0.0, 0.0, 0.0, 0.0026156099047511816, 0.36893054842948914, 1000, 0.0, 0.0, 0.0, 0.0,  0.0, 0.0, 0.0019765403121709824, 0.0040177772752940655, 0.29408037662506104, 0.5989192128181458,   
gt,gauss,0.1,anm,1,1,old/anm,0.0, , 1.0, 1.0,  nan, nan, 1.8596649169921875e-05, 0.0, 0.0, 0.0, 0.00411917082965374, 0.5889304876327515, 100, 0.0, 0.0, 0.0, 0.0,  0.0, 0.0, 0.002704216167330742, 0.007193597964942455, 0.3832187354564667, 1.041094422340393,   
gt,gauss,0.1,anm,1,1,old/anm,0.0, , 1.0, 1.0,  nan, nan, 1.7642974853515625e-05, 0.0, 0.0, 0.0, 0.003194129094481468, 0.4475400149822235, 250, 0.0, 0.0, 0.0, 0.0,  0.0, 0.0, 0.002266146242618561, 0.004730225540697575, 0.31181854009628296, 0.6471148729324341,   
, , ,lik, , , sigmoid, 0.0, , 0.6261094872408308, 0.43, , , , , , , , 5000
, , ,hsic_spline, , , lsnm, 0.0, , 0.8888377293608479, 0.83, , , , , , , , 5000
, , ,lik_spline, , , lsnm, 0.0, , 0.2905946846029503, 0.36, , , , , , , , 5000
, , ,hsic_spline, , , anm, 0.0, , 0.9515489744878686, 0.92, , , , , , , , 5000
stein,gauss,0.1,lsnm,1,1,old/lsnm_20k,0.0, , 0.7816137587449943, 0.7,  nan, nan, 0.026350021362304688, 0.047123149037361145, 0.05386883392930031, 0.7154736518859863, 0.25398966670036316, 0.27277547121047974, 1000, 0.030613383278250694, 0.06730610132217407, 0.03327389433979988, 0.07694968581199646,  0.5872006416320801, 1.131819248199463, 0.22004657983779907, 0.29135608673095703, 0.2433646321296692, 0.31464576721191406,   
stein,gauss,0.1,lsnm,1,1,old/lsnm_20k,0.0, , 0.6773742372478153, 0.54,  nan, nan, 0.028267621994018555, 0.14297741651535034, 0.14949379861354828, 0.9542211890220642, 0.3815411925315857, 0.418851375579834, 250, 0.09032505750656128, 0.2118493765592575, 0.10138366371393204, 0.2263004034757614,  0.7487136125564575, 1.3362014293670654, 0.33480104804039, 0.48124635219573975, 0.3470248878002167, 0.5230698585510254,   
stein,gauss,0.1,lsnm,1,1,old/lsnm_20k,0.0, , 0.6505381878118566, 0.53,  nan, nan, 0.027538061141967773, 0.09136585891246796, 0.09248477965593338, 0.8523623943328857, 0.3126268982887268, 0.3314327597618103, 500, 0.05057170242071152, 0.12662959098815918, 0.06383970379829407, 0.140023335814476,  0.653638482093811, 1.1665947437286377, 0.273636132478714, 0.37185773253440857, 0.2844337224960327, 0.3982509970664978,   
stein,gauss,0.1,lsnm,1,1,old/lsnm_20k,0.0, , 0.8098381277589525, 0.67,  nan, nan, 0.07370424270629883, 0.025426717475056648, 0.026149436831474304, 0.6389923095703125, 0.1951122134923935, 0.21076461672782898, 2500, 0.02004522643983364, 0.03464135527610779, 0.02028948999941349, 0.039298251271247864,  0.4911651015281677, 1.0522992610931396, 0.172875314950943, 0.218795046210289, 0.18113918602466583, 0.24908289313316345,   
stein,gauss,0.1,lsnm,1,1,old/lsnm_20k,0.0, , 0.511655123613989, 0.59,  nan, nan, 0.028333187103271484, 0.2544482350349426, 0.29480627179145813, 1.280919075012207, 0.6487956047058105, 0.665461540222168, 100, 0.15520183742046356, 0.4334244728088379, 0.15709805488586426, 0.43070870637893677,  0.846615731716156, 1.9237470626831055, 0.45936471223831177, 0.8678792119026184, 0.49715304374694824, 0.8310789465904236,   
stein,gauss,0.1,lsnm,1,1,lsnm,0.0, , 0.8988500740221816, 0.79,  nan, nan, 0.28820347785949707, nan, nan, nan, 0.16949361562728882, 0.1991163194179535, 5000, nan, nan, nan, nan,  nan, nan, 0.14374864101409912, 0.18807388842105865, 0.16462595760822296, 0.24229058623313904,   
stein,gauss,0.1,lsnm,1,1,old/lsnm_20k,0.0, , 0.866642068021998, 0.73,  nan, nan, 0.28171277046203613, 0.016130737960338593, 0.018855154514312744, 0.6142391562461853, 0.16155597567558289, 0.17928080260753632, 5000, 0.010998284444212914, 0.023900501430034637, 0.014238165691494942, 0.02799447625875473,  0.46736064553260803, 1.0823050737380981, 0.1438150703907013, 0.18314318358898163, 0.1566740870475769, 0.2130083441734314,   
stein,gauss,0.1,lsnm,1,1,old/lsnm_20k,0.0, , 0.9055788305564052, 0.8,  nan, nan, 1.7390732765197754, 0.01656748354434967, 0.018797535449266434, 0.578515350818634, 0.14451032876968384, 0.16506728529930115, 10000, 0.011940065771341324, 0.030669700354337692, 0.014384884387254715, 0.04061562195420265,  0.45025452971458435, 1.0117669105529785, 0.12546135485172272, 0.1702781319618225, 0.13678953051567078, 0.21242046356201172,   
, , ,cds, , ,velocity, 0, , 0.46673840221735347, 0.56, , , , , , , , 5000
, , ,cds, , ,sigmoid, 0, , 0.05181969859650308, 0.12, , , , , , , , 5000
, , ,cds, , ,anm, 0, , 0.9866014806234256, 0.92, , , , , , , , 5000
, , ,cds, , ,lsnm, 0, , 0.6843605107771913, 0.59, , , , , , , , 5000
, , ,igci_unif, , ,velocity, 0, , 0.3176390917065909, 0.38, , , , , , , , 5000
, , ,igci_unif, , ,sigmoid, 0, , 0.0739070381392636, 0.15, , , , , , , , 5000
, , ,igci_unif, , ,anm, 0, , 0.11026048722143514, 0.26, , , , , , , , 5000
, , ,igci_unif, , ,lsnm, 0, , 0.3132814168995974, 0.37, , , , , , , , 5000
, , ,igci_gauss, , ,velocity, 0, , 0.7702575159119278, 0.66, , , , , , , , 5000
, , ,igci_gauss, , ,sigmoid, 0, , 0.8318084113643579, 0.73, , , , , , , , 5000
, , ,igci_gauss, , ,anm, 0, , 0.20590805729290945, 0.29, , , , , , , , 5000
, , ,igci_gauss, , ,lsnm, 0, , 0.1557609143020856, 0.27, , , , , , , , 5000
, , ,reci, , ,velocity, 0, , 0.25753274238573015, 0.33, , , , , , , , 5000
, , ,reci, , ,sigmoid, 0, , 0.04439840577239287, 0.13, , , , , , , , 5000
, , ,reci, , ,anm, 0, , 0.36429622465703304, 0.34, , , , , , , , 5000
, , ,reci, , ,lsnm, 0, , 0.5527521816282583, 0.38, , , , , , , , 5000
, , ,ckl, , ,velocity, 0, , 0.5088555195592352, 0.54, , , , , , , , 5000
, , ,ckl, , ,sigmoid, 0, , 0.2982212323635531, 0.35, , , , , , , , 5000
, , ,ckl, , ,anm, 0, , 0.9145825298497356, 0.78, , , , , , , , 5000
, , ,ckl, , ,lsnm, 0, , 0.8609526602689982, 0.74, , , , , , , , 5000
, , ,ckm, , ,velocity, 0, , 0.4464462074816906, 0.52, , , , , , , , 5000
, , ,ckm, , ,sigmoid, 0, , 0.32661729399095096, 0.41, , , , , , , , 5000
, , ,ckm, , ,anm, 0, , 0.964796469287414, 0.85, , , , , , , , 5000
, , ,ckm, , ,lsnm, 0, , 0.8948341750419536, 0.76, , , , , , , , 5000
, , ,chd, , ,velocity, 0, , 0.5083998495681823, 0.52, , , , , , , , 5000
, , ,chd, , ,sigmoid, 0, , 0.2983755291218138, 0.35, , , , , , , , 5000
, , ,chd, , ,anm, 0, , 0.9388982412659362, 0.81, , , , , , , , 5000
, , ,chd, , ,lsnm, 0, , 0.8772000197493207, 0.76, , , , , , , , 5000
, , ,ccs, , ,velocity, 0, , 0.4680001138104838, 0.52, , , , , , , , 5000
, , ,ccs, , ,sigmoid, 0, , 0.2816024874081345, 0.35, , , , , , , , 5000
, , ,ccs, , ,anm, 0, , 0.9171344857704419, 0.8, , , , , , , , 5000
, , ,ccs, , ,lsnm, 0, , 0.8557724197660079, 0.74, , , , , , , , 5000
, , ,ctv, , ,velocity, 0, , 0.4699882908488864, 0.52, , , , , , , , 5000
, , ,ctv, , ,sigmoid, 0, , 0.2712462504534187, 0.35, , , , , , , , 5000
, , ,ctv, , ,anm, 0, , 0.9381479638017022, 0.79, , , , , , , , 5000
, , ,ctv, , ,lsnm, 0, , 0.8838670190240973, 0.75, , , , , , , , 5000